avg_temp,max_temp,min_temp,shock_count,max_accel,weight_loss,trip_duration,quality_score,risk_level
4.3751465918455965,5.044778806292065,2.9022041635175717,21,3.8330048510045414,16.360996012450492,246,0.0,CRITICAL
6.010093645249902,7.693828834065741,4.578054419405095,22,2.952236662714475,6.613218661220901,172,0.0,CRITICAL
-1.961007441931634,0.13341074303304667,-2.6415084749676176,4,1.4689119294841495,22.904823870195717,82,55.927458433801476,WARNING
-1.419701738999216,0.3914763551014573,-3.0339582855479765,23,2.5674119585232913,3.744784885596281,223,35.788001980784585,CRITICAL
-0.2409303115574426,2.4154249322529777,-0.9642003638913956,6,3.6705732629671557,1.3747315096698665,146,64.73068340788691,WARNING
3.9113291239645465,6.510780124230355,3.151076673886214,14,3.3605799991898007,10.944965369102528,219,0.0,CRITICAL
2.0210510462661606,4.071694042876162,1.878246027109064,20,1.2701239168914364,21.873803938510477,113,4.622602118511158,CRITICAL
-0.38031303929433213,1.6841728360056074,-0.8195433872348701,10,4.292833640854143,23.279997346387344,147,28.21802594006808,CRITICAL
2.830274804627286,3.028840620261928,1.0040025562561958,18,4.44365431912701,9.440336423954337,285,18.95631901060664,CRITICAL
3.4872855384432615,4.281926037937419,2.9940305230552946,17,2.9253978035028068,22.410414349567738,249,0.0,CRITICAL
7.9876880324755515,9.516266913504944,7.805869208127964,1,4.374963093499996,4.585239580447832,111,37.920793643629644,CRITICAL
4.908096432532684,7.896460573252974,3.8498677423344096,17,4.373508660055242,0.3444306582845891,88,11.817103690265748,CRITICAL
1.221821982452771,3.1447073781921953,0.9987176352610181,13,1.2117098945510136,0.09735948305187869,164,59.718880988701144,WARNING
2.571773194312388,2.8910056627055027,1.3211728071795528,26,3.3752727268970233,18.269106343145168,108,15.739138525911478,CRITICAL
-1.0307057854810797,1.7365964563737444,-2.8676927742724843,19,1.958702256521029,0.5843022715749691,215,58.787218778231846,WARNING
2.9899931761670766,3.1637686756496395,1.2339739777589955,30,0.8544067173111474,21.95722784533883,65,14.779844936773342,CRITICAL
6.2987541137368375,9.13930015285181,5.968500195788582,16,4.425948684883658,12.694138206026608,138,0.0,CRITICAL
2.531591179814833,4.670438098272198,1.7336065798199747,21,3.4244512593775407,13.143002517435121,294,0.0,CRITICAL
3.1051713000352943,4.766935867308733,1.9282910712145922,0,0.8194688870406464,18.93308871810297,147,30.674003281103076,CRITICAL
-1.8115222516818912,-0.26905389225612386,-2.368476779610985,15,1.4640656331669737,3.96935546175075,272,52.429972423957246,WARNING
0.8378376576675621,1.1208150471432088,-0.480127841361764,11,2.4061038035896436,14.010740041100249,57,66.73364547293302,WARNING
5.013106410511344,6.031014226696233,3.2897613378057615,7,1.3621553246374432,16.08857261731033,101,14.218816398344043,CRITICAL
7.616327996380064,8.945720231540434,5.893629786856403,17,0.9405892769072015,19.564346819955663,37,4.689962572847513,CRITICAL
3.5582018980487655,4.057135229860507,2.5869196471473286,6,4.39092677313597,27.073285965316458,114,3.789731189769161,CRITICAL
3.9118530626783556,6.264064868524064,3.001836328000069,13,3.6346617662007312,21.91515952246398,279,0.0,CRITICAL
-0.21975304703261478,1.5177878254161539,-1.3041434497811633,23,1.9112216439637817,1.5042701179186069,274,40.02850382919514,CRITICAL
7.803894516372252,8.044228912094013,7.432244594410806,19,0.8058238851909076,25.85457605910388,236,0.0,CRITICAL
5.972595767667206,7.830740298663516,5.134145936995461,18,3.0435211572984024,9.491095379301814,163,0.0,CRITICAL
4.978929233956272,6.993999902836186,4.378935074358748,10,4.680582492674814,28.0720286233447,34,0.0,CRITICAL
3.990726645126654,4.210508808425553,3.564418020592573,8,1.0960545666491028,10.470265048935453,65,53.79270242484543,WARNING
7.168724773199035,9.279344548461147,5.945369241747135,25,3.4428934296982967,0.23469321456473846,183,0.0,CRITICAL
-1.378480988490731,-0.585083224029348,-3.1579064025021495,23,2.989506383981672,8.17044636944449,137,42.17612187138798,CRITICAL
-0.7784161260352824,0.013535578855945807,-1.7554798303340355,28,4.586715707983574,1.5239668098759196,246,28.29348089372219,CRITICAL
-1.7354794292056999,-1.343020447100593,-3.695075336863372,5,3.8355390875656887,16.550412633791737,248,47.60906864774746,CRITICAL
-1.32875671646399,0.7443021548036393,-1.626865287421029,1,4.255677589487075,17.47528699469382,105,59.29786712880772,WARNING
-1.749026850986853,1.0502371805751094,-3.693419381021374,1,4.5451608643691355,6.302296150192621,157,66.66933410635544,WARNING
0.12207180768771009,2.7462099783109837,-1.825602237586868,23,1.195490022494921,27.896430470810234,113,14.762060329309628,CRITICAL
2.864630319642381,2.9389894053369474,1.3915013761322168,10,4.020739232664343,12.35139499654661,157,27.66805709594472,CRITICAL
7.360833914530449,9.936613668543794,6.9159664794391205,26,4.6330335555327276,10.48975273337756,146,0.0,CRITICAL
1.960199096491774,2.7960082795607857,1.821357587166134,24,1.7560624672484213,19.24445215822883,234,6.795181183602637,CRITICAL
3.0619669796324844,3.1447685849913922,1.3078901564813639,8,1.3035551727760863,28.876029472846664,165,25.382571973532627,CRITICAL
1.579427529926468,3.9387120645375138,0.706639762185252,16,1.020406028131987,26.985141987335986,127,12.54722506138582,CRITICAL
7.627875827495414,9.24323181877379,6.189015829205723,23,3.8166696207063517,5.9110538730520314,250,0.0,CRITICAL
1.985426109467634,2.927173044642713,0.289395550454963,23,4.550210757936911,15.213675121058074,239,0.0,CRITICAL
2.1832504851663943,2.7587707641368366,0.8533916167408513,12,3.5479307537272984,27.084166371977478,184,21.06075168758163,CRITICAL
3.0023510158243454,3.6328990704722712,1.4308333608691852,19,3.446175306663822,13.949645707410426,256,13.756272331900998,CRITICAL
1.0670439812475223,3.946539992296631,-0.40487891063292114,21,0.8815799152630479,15.463560297456493,201,0.9338720007556267,CRITICAL
4.552097321474577,6.9717860052033735,4.257389396983031,1,1.6017914483525757,14.254090326564153,67,24.554161683800892,CRITICAL
3.316821454305889,5.471859200802855,2.5488645195203863,12,1.5979299781029748,19.681740333353524,32,38.926598262113664,CRITICAL
3.162643392535128,5.497904612837103,2.724961118910489,25,4.810847190257929,15.538732513312224,55,0.0,CRITICAL
3.6666955277851443,5.060625240279855,2.604431756073967,17,3.1795354331123886,28.50118825329468,256,0.0,CRITICAL
2.3156437676558026,4.8073512768200475,1.2198998664341458,28,1.216210583943497,25.844847293497867,260,0.0,CRITICAL
-0.5165615749420427,1.780879477949454,-1.559161200598007,20,1.5766063871658478,13.196177797947081,176,37.34493578014635,CRITICAL
0.015085219727883903,0.25681819270088924,-0.2865760962982893,12,3.622774155345735,21.192574250836568,62,41.14867895898218,CRITICAL
-0.014711653771498634,0.17208547797925733,-1.680493992452474,12,4.571773152530796,17.522382426126754,40,53.56732032303934,WARNING
2.593567456708417,2.6112557074603964,1.8900498513647677,24,2.2549399162867347,26.749246259055358,244,0.0,CRITICAL
2.407804364538146,5.101238406735732,1.431345409437645,8,2.4612618922098646,0.8707445984014572,202,41.68873620622917,CRITICAL
2.788853946521133,5.310370935708809,0.9497707051831812,19,2.9035563328962697,27.207865877603048,43,0.8394746216200026,CRITICAL
0.5716766179665691,1.1168636975068655,0.05136399012795967,10,1.452471278951667,9.805374146439256,224,57.78256615638806,WARNING
3.7072247191633707,6.211957463899735,2.766611046737277,23,2.927385715651402,29.997234855276275,209,0.0,CRITICAL
-1.5882897772833835,-1.4675153646610837,-1.6503497750448077,7,1.3971230706313982,0.6114005196099703,108,87.38544941888905,SAFE
7.738785111083259,9.133887061388922,7.226297717958886,11,1.25505114515511,18.217424816727952,88,17.777918861754326,CRITICAL
-1.017405138996805,0.7186490585309258,-2.8751794758110485,18,3.5480627908268394,28.74518514617688,233,11.414705985413097,CRITICAL
-0.8100213374497083,1.681693563891247,-1.2957200985239725,22,3.976163982280508,25.50879717266389,91,14.96227216600212,CRITICAL
5.663726226552502,7.648290248614569,5.525812753513221,20,2.0355402868757744,25.48726880998732,280,0.0,CRITICAL
3.7647254032874713,6.2508473362948465,2.3501081158753174,13,1.292616324887267,15.652402408154396,168,0.0,CRITICAL
3.517705941416602,4.9123272563201255,1.8662367445750907,18,1.7077799212215141,25.551394800579956,74,2.789282491924702,CRITICAL
0.7048120011626229,2.4143609351975894,-0.6315649397283642,10,0.6291499899654032,25.528585089373774,123,29.875499323913445,CRITICAL
0.1289497970565714,0.9679252611693293,-1.0633602188182874,28,1.743208590902832,0.30453343316031334,127,45.856129619580216,CRITICAL
2.320447984625166,4.5949419450725655,0.9392293057321199,20,3.703290829127252,13.445236487597123,38,7.930533505546717,CRITICAL
-0.6704215971648191,0.24819649322544612,-1.8335327678295534,15,2.9906282975461234,10.312721824386076,199,53.51810527614168,WARNING
0.7224715771190713,1.4140857010145944,-0.720097085533068,10,1.0379963356477377,16.075918961512492,124,51.915409730105445,WARNING
2.431627921053704,4.200388638936077,0.9112121303075389,19,1.7734941647372975,3.015783242723723,129,32.96246463265145,CRITICAL
0.16528641489631868,2.2893418720294125,-0.08787950479964457,1,4.88432718996232,16.60076900395825,94,51.37869655105928,WARNING
3.0613270168775397,3.9143449982889877,2.1038985996647437,10,1.3296365167553676,1.541301515507335,274,56.14087140724924,WARNING
-1.6079393893164051,0.12312408009604914,-2.980841425828438,4,1.1713891301314483,16.885187912536928,185,60.8518090839623,WARNING
-0.5108542687393032,0.7376677954916822,-1.7031079595593537,19,1.5155921167926558,15.677176053906535,260,34.08504377623804,CRITICAL
-0.21588120489567575,1.0706083035256018,-1.3531401461441421,1,3.2433391051030864,22.20267916453635,136,43.255150304066035,CRITICAL
4.199325888373462,5.855302625106739,3.8862606574871856,13,2.5272666707796607,17.814335853586897,179,5.326398553809243,CRITICAL
-0.27137066243786423,2.307449531583703,-0.41373018274482276,7,4.657599700171469,23.63484079940194,131,14.251389661042117,CRITICAL
1.267374272263472,3.9926086079012904,-0.38588804703664725,2,0.7683711778123117,23.77885698697235,177,39.39153448673737,CRITICAL
0.8121878216569716,2.0197133791453883,0.2676954353684453,17,2.7220784870528796,2.4132555569790295,50,68.89422889292453,WARNING
2.4072035397136915,2.4847982168786977,1.9493547082700375,21,4.261813762577816,17.255973276597913,40,14.995724168774514,CRITICAL
2.033689505819435,2.154384525253284,0.5211518449943209,15,2.835337284444218,13.266882132606085,172,26.81489147223126,CRITICAL
1.5119777516671262,2.9871551582401663,1.3294929390794719,11,2.337566420435069,9.631747678697147,83,73.57733094400352,WARNING
-0.021178018526207598,0.8434753675581597,-1.9115650976526288,26,3.9222489742594564,1.1009139094112608,75,50.14517157170168,WARNING
-0.060357282344031926,1.152167888658205,-1.0895497870022421,0,3.4594717391740804,16.27780783071585,241,42.54204085376729,CRITICAL
1.110636354764373,2.6061156619109385,0.22655444331985009,1,1.4160120725762324,16.47658917255995,177,54.38116095072378,WARNING
7.8657340791084716,9.692349080354367,7.387139154453171,5,1.898375622770008,0.4102339339818206,238,25.932092012815225,CRITICAL
3.9535428363713176,5.337886518907668,3.7186105381922028,26,1.1928700599274762,27.979591798023133,179,0.0,CRITICAL
-0.35945061972035486,2.5812832780897716,-0.8469124318706316,17,1.1508888581852392,5.71831112843785,290,37.462925454923976,CRITICAL
6.863375663385025,9.426612803301648,6.183625177156434,25,2.784819541143454,24.616484195567352,174,0.0,CRITICAL
3.024855535638528,5.0046777948032855,1.2943343462380426,14,2.9236125996674316,10.353718250790227,223,14.553446168665012,CRITICAL
6.487492138102857,8.20288506405756,6.020367245987071,24,2.3484879299731016,9.545289817013995,272,0.0,CRITICAL
2.8684534153892614,4.859519903842865,1.2269583119701513,4,2.728978923273906,1.1105883403672856,287,54.653535901768535,WARNING
7.225197115551912,7.524332208777847,5.404313760158978,0,3.7509972240678917,12.299358592390933,109,12.748282482437087,CRITICAL
2.6891517476381495,4.558929949204144,1.8941850998666026,2,4.332943815578112,25.570240096976793,224,0.0,CRITICAL
1.7607950740479268,3.2246375302184638,0.6787630486526066,19,0.8078933623169815,18.934830505639216,177,34.97425922956215,CRITICAL
2.4805982004275613,2.7759275795771554,1.2131025428659787,27,0.9522825814526785,4.990943601876755,183,44.03424062050486,CRITICAL
-1.7240541879367235,-0.8439508600410971,-2.473736367487353,4,1.5988884448278577,12.361552469267261,122,61.69983649068097,WARNING
-1.5261898960400322,0.33294120957221396,-2.0078494797526583,29,3.1242070879342383,6.965653328854568,160,31.59570499176731,CRITICAL
2.001044303598885,3.3968040701747895,1.4257809721020074,17,1.2108902993230413,13.251893508114433,206,24.876516952184716,CRITICAL
-0.2050745052573668,1.8658660321230203,-1.1187461305929398,9,1.3964764959900156,11.540797469020363,277,56.06653267422361,WARNING
0.28818578594577415,1.1758029565931278,-1.1103723731556934,0,4.900750180595882,19.74689447786042,170,45.080979657614904,CRITICAL
3.1904043861835962,6.11121283666737,1.3691704787461751,23,2.7352727893574165,27.12465872681176,176,0.0,CRITICAL
-0.6192896541775021,0.03772396260681421,-0.9995536327316787,8,3.5499400638051175,21.627851300121268,100,43.28248103686899,CRITICAL
3.4204222244378073,4.347220876295715,2.538775844112184,18,2.141875548628114,3.9423541926145633,181,33.267191257140105,CRITICAL
6.932564055152525,9.561945845272447,6.2008489939222775,16,4.610691385167636,24.914178587021922,161,0.0,CRITICAL
3.6651268965831916,4.550551244100667,1.9243329779331122,25,1.0182636835239174,28.88679878606633,102,0.0,CRITICAL
-0.646311825805578,1.3769068650951257,-1.4411348162121767,27,4.120644398092528,10.973251482166992,232,10.139186551009011,CRITICAL
1.2194338496143544,3.2379189952356153,-0.1252477450876719,18,2.214614746726139,19.156478034025106,220,16.083461021992306,CRITICAL
7.421174226074261,9.105396372823897,5.590662408587942,7,3.414435712877487,19.06211767133817,267,0.0,CRITICAL
-0.1868589528244986,0.23247208469716463,-2.079382018588391,9,4.981673186397632,3.483614421753285,150,68.87259308528502,WARNING
-1.1860157077619808,0.8254429487885329,-2.6722959508083237,30,2.9308662294303653,17.620210366458224,109,38.8541378389958,CRITICAL
1.929531384960784,3.776488027114253,0.05142525353347338,8,0.6472232908477111,11.115898762033062,257,49.44695859779083,CRITICAL
-0.5833241706140257,2.3594589843581755,-1.3179940876083867,28,4.900291382534211,10.760215236369538,233,2.7588144086158684,CRITICAL
3.8092412556183204,6.281814501413034,3.625894407983279,6,3.387670102549479,17.91437878558635,40,2.50578510662873,CRITICAL
0.0010549385950957557,2.3619892385240435,-0.40935621169065706,26,3.94320819149863,6.214721110399754,140,25.13052981121059,CRITICAL
-0.6020079257238113,1.7639233371090168,-1.7939711960726514,8,4.362827568710793,4.34063940961524,96,75.40215456863152,WARNING
7.332239442534005,7.727649131219698,6.61575488410094,25,1.5706922274070836,9.713143858860674,119,0.0,CRITICAL
-1.2394487377233183,-0.8985008173636785,-1.3665648140175908,14,4.001076676913913,15.397138728275749,85,34.520054199087525,CRITICAL
-0.67070146149029,1.5110275300009157,-2.4882048373033703,21,2.846530466208878,13.74127566293046,45,30.60825407494506,CRITICAL
0.8738914659901797,2.9321839541768777,-0.1066462422982708,29,2.496030482133539,26.978002953706042,194,1.0829742363343993,CRITICAL
-1.6059066000793165,0.2933235728237298,-2.702619468176038,10,2.2140697946833434,17.9217556559794,180,54.537154175754715,WARNING
6.508897092730331,9.067275304617056,5.207063762967721,24,2.9810085277540948,25.964769471069364,250,0.0,CRITICAL
-0.6290385538124936,0.7314581549098484,-1.4610178543354841,3,1.9064675749870985,9.375707134256034,160,78.74301023435537,WARNING
-1.0841664513876574,-0.8827665269777142,-2.7477102283373664,2,2.443444333482831,22.33766907575637,220,43.11769285277393,CRITICAL
1.3382244136921004,3.022983655668318,0.6789324508596903,3,2.3486388481497116,26.208221167029556,246,33.68092148869065,CRITICAL
2.3263640724768964,4.127594346150928,1.6230717010905984,18,2.783356461356018,4.641905275747843,276,22.242448691075655,CRITICAL
-1.3506897084364002,-0.24800655659034976,-2.8759009723100997,18,1.5177159244753133,12.873372326453437,43,51.089949155530654,WARNING
1.94698736799333,2.033846911177135,1.4004465905678805,24,1.8904310997345957,10.194739703317751,33,36.81405558212569,CRITICAL
-1.1404910579478253,-0.931734794202816,-2.6224291761846654,0,0.9129095737450039,15.914480659767884,222,54.19832493764503,WARNING
0.045375890615996894,2.2101637938440164,-1.508295349317485,18,3.183006974922915,26.5002655355503,109,13.574098971071532,CRITICAL
1.7070290915561834,2.5233376221948403,0.38315170593966097,15,3.231842033484569,12.42551213648174,140,24.549431436683705,CRITICAL
-1.3170949513387895,-0.4673555410974415,-2.674067460859056,15,2.871203482166652,9.252581755537694,142,53.95263396087629,WARNING
4.507096810092184,5.140798747753121,4.23262719957753,8,1.8025120904784693,3.5995303111664736,284,42.47014123429768,CRITICAL
-0.9458311887449462,1.1651826014030446,-1.9463558818573725,26,3.506216772853589,10.625015140788738,233,25.617643620225884,CRITICAL
7.605812172512062,10.19214221334826,6.4542938510384,18,2.3199029802735547,19.204250071427367,178,0.0,CRITICAL
-1.8748606458515071,0.5291058170798493,-3.111111172459988,26,3.6032451848608544,10.855580737023773,253,25.444843598146967,CRITICAL
-0.540101151063598,1.0317864779382968,-1.331634544782264,9,3.856121719090713,6.647161766827541,116,67.76379377473022,WARNING
1.7993480018091188,2.38105912060982,0.24689154316044815,11,3.7732059755325693,24.568458045745558,105,29.362688489467242,CRITICAL
6.011994926365829,8.292640813006505,4.700976905328351,5,4.780814632608118,18.838463163551022,267,0.0,CRITICAL
2.559262897646491,5.3317256728034685,1.4302793308408923,20,4.939393764811367,9.696247249300821,191,6.509574013930769,CRITICAL
-1.5902824490254635,-0.6818211436084247,-2.1396297839977816,1,2.0837400017903445,2.2257196851986305,266,79.51913863700682,WARNING
-1.6586596949962857,-1.4284666914759208,-3.387159762846764,27,0.9063342680598626,17.822394558877008,226,14.627116589272724,CRITICAL
1.3258982280298235,4.013528524700231,0.426430820728011,25,3.0724550890421014,5.647183952076752,273,0.0,CRITICAL
3.74633415319951,6.179234587167372,2.0715797967044014,22,0.8794810941105372,19.383812734311576,50,0.0,CRITICAL
0.6265496458553979,2.1947937516520346,0.3090572298923151,11,4.630715551026323,11.622496785693478,203,36.78897720559581,CRITICAL
-1.6858068947839624,-0.6818588530041496,-2.34518840501942,17,3.5527070517803647,8.524409216343411,106,55.333620360605565,WARNING
4.749103937679221,7.652193460757455,3.3521440120554593,12,1.0802824622220208,21.265020431131617,73,0.0,CRITICAL
0.2600758363378013,2.699630187782204,-1.0801569636516437,26,4.761988809887216,29.914923388976106,299,0.0,CRITICAL
2.0227362404796345,2.077427853854233,1.4050041003518727,30,1.4638669754400515,28.430048026030406,278,0.0,CRITICAL
4.478960508273109,6.84332102928731,3.4635810828238163,17,4.258039219855502,26.510464964776848,49,0.0,CRITICAL
3.258356635256451,5.050095958471337,2.949851112614208,5,4.241052755101064,23.132934411929654,114,17.21182997805427,CRITICAL
-1.737845432272914,0.42091158909903603,-3.677022639090164,19,1.782175696535112,22.45609554286309,259,12.340029443354243,CRITICAL
-0.5649890165268832,1.7881217022527314,-2.3729376928017993,6,2.1552843120126477,28.41390510732369,255,29.616799784409892,CRITICAL
-0.30936960377734746,1.2730097616071006,-2.2419059101892422,26,1.3986397915010638,18.139903427302507,158,20.521798032610047,CRITICAL
0.8835439327709498,3.686424594763449,-0.5392580214670517,16,4.330247216381505,8.551890421779852,112,37.72791299591356,CRITICAL
5.187362800974904,8.026602590010187,4.743286787160943,14,4.480833981731033,27.914157813788247,242,0.0,CRITICAL
7.972626756191456,9.09736477644476,7.916251665135156,29,0.9458740597687161,21.441128175696882,201,0.0,CRITICAL
-1.17440247364477,1.3148822758136978,-2.5665464507967375,4,3.9147851964452323,14.073303814664811,32,71.0585748910327,WARNING
3.747598094821134,6.568275942845087,2.529837896589027,13,1.000340871459073,8.643047341176915,184,1.2184834515861755,CRITICAL
-0.5693629792410639,1.2990687257818434,-0.6949772812631916,26,4.573160985478993,17.90217128456841,38,21.319549420131423,CRITICAL
1.4502847451838017,2.324100708509575,1.4471560733170037,11,1.5825390746294459,12.497027856256194,73,55.234845576782114,WARNING
0.16362254624125283,1.7958684260253532,-1.4092021254493823,16,2.9936837858818794,11.713611976801923,270,40.435344251667765,CRITICAL
0.3212879291641455,2.5632377038520815,-0.3928998238653203,2,2.051611219235261,21.98823064351925,83,52.71501374109859,WARNING
2.4111219088738673,2.544128973759492,1.3190944184584843,26,3.392580272912242,24.91150970290808,267,0.0,CRITICAL
3.6742629059814114,5.822398078769995,1.7870526045571529,1,1.8204915702876407,1.3141882697736929,132,63.85790385618105,WARNING
-0.10642507970164816,1.088247087356403,-1.7372372410136128,15,1.6399119434117782,22.598727564565948,127,22.861108955515487,CRITICAL
6.2786568377883984,7.098306656130019,4.679972014751919,13,4.5026893265552665,22.299231165588637,227,0.0,CRITICAL
-0.8790966944603675,0.22294408641867847,-2.473678455213699,8,4.105166393307982,21.81243973027907,70,34.30607152003447,CRITICAL
4.468832095012495,4.776625818358838,3.812992284329375,9,1.8792313524083861,18.078648831917995,248,11.666447720659136,CRITICAL
0.6634502866065639,2.8438934737398722,-1.1597641750859973,19,4.9916776899787205,8.236660802245728,59,35.75041164988159,CRITICAL
1.8250752272997897,4.228363153986299,0.4662540116704099,30,0.6401327859052088,25.46007929911604,254,0.0,CRITICAL
-1.5965998216273471,-0.4976144023059015,-2.3623086250049026,18,0.6457339579085014,4.603144901781243,260,59.48823529265557,WARNING
0.23208027082410254,1.9538456058257896,-0.8268394922484767,12,1.914734485916967,8.36069298899434,88,75.25913340864143,WARNING
-0.8837117031644006,1.8569158142751594,-1.119233694145751,24,1.671303970129565,13.388193372168486,176,26.93980641040794,CRITICAL
3.6786420886526363,3.9007982061822672,3.333329360684554,22,2.5030003673410475,2.633722233141932,193,41.67839790488968,CRITICAL
2.2572429209175287,3.1283297692509695,1.6573295644440522,5,3.7031409680324567,27.819733701695334,119,44.936963838450026,CRITICAL
4.004901855888429,4.421532472003526,2.4241557342729303,0,2.12403435999972,17.16832221349578,269,28.036617262885862,CRITICAL
1.3098816035585648,1.568528048514363,0.6913001685016404,22,3.7349134695082378,15.770869644909004,239,10.233393995083906,CRITICAL
-1.5574957225325659,0.36952004562657814,-2.457444713858558,21,2.8281200531893704,3.8500383223504153,123,52.67781637357657,WARNING
-1.2258022532186683,1.3788326290394977,-2.888583866153751,16,1.1885696006459028,4.939712396703724,195,69.34737836639077,WARNING
-0.6471782917071998,0.9095150885054182,-1.215274912236102,2,1.627723890418996,19.05171274163238,170,61.251702951269024,WARNING
-0.18305236334674357,1.3246670708770445,-0.5203241668421572,30,3.1129092551311417,5.136018691673769,202,25.425300041133887,CRITICAL
1.3817082065877746,1.4668286702844076,1.2907846000050907,20,3.969600659575094,7.939677234991635,137,49.66959000916311,CRITICAL
0.4995207019794772,1.9936348823878254,-0.7548073186166915,9,3.3885828018555473,9.062823388638678,155,65.04688154215734,WARNING
2.10994504717406,2.3288641236900975,1.990118981304722,14,2.370297857963518,13.933264733260051,204,21.06660262820636,CRITICAL
-0.12450500451840174,2.0780942598952388,-1.8460597360270523,12,1.0884476819857392,11.116205941508738,84,68.19115886403158,WARNING
0.7988354022438187,1.5425920498204555,0.6052120971226758,9,4.754232017164485,25.924915510872925,244,12.482702803811865,CRITICAL
4.637179104005975,6.3702402176867645,4.011749262281429,24,1.2170408535167194,29.879082332862506,269,0.0,CRITICAL
7.726164020346186,9.242497409417501,5.792790759241235,6,3.1250485039355445,1.4597439878896779,174,21.94894203525176,CRITICAL
3.294036858209207,4.705797418313795,2.220655359631353,27,0.9837368796704333,4.01804831976944,165,22.27508063359392,CRITICAL
2.5831405849719378,3.7848854480162073,1.4425772972098792,6,2.1313569917492803,8.65805091117287,227,50.04255529123205,WARNING
2.5864246882434374,5.553696790105605,1.225627408005716,3,1.0789852581014683,2.9004445807420542,221,52.94897228380946,WARNING
0.034511799715391867,2.299407316593774,-0.36360396338950807,16,2.3062418792422905,1.2076471847228731,49,61.370363735675205,WARNING
-0.0017557678833968193,1.369209909965225,-1.214276812691005,16,1.1290144359755985,27.941062065899697,193,21.625020458769395,CRITICAL
3.9436944253668402,4.841397452951795,3.2709475210634835,26,2.793713453378746,14.695399561987774,183,0.0,CRITICAL
-1.9001782669861105,-1.5713644985121422,-2.733258805850576,9,4.085396662685662,21.75972637655566,43,35.96909615953194,CRITICAL
-0.4068173780856721,2.509353213987575,-1.56376604253683,7,3.74630050533338,17.5056983114292,117,47.24232332624683,CRITICAL
2.3270970114947467,3.467668020440205,0.6837744292390422,7,0.6420673100394472,28.44615512352904,86,36.907843278269276,CRITICAL
0.6462313971083975,1.8851117264751767,0.23844803170412843,16,3.9873753581319096,27.61562849691632,61,29.057752321517654,CRITICAL
1.112099269360678,4.106467874577124,0.1553573026738757,12,1.911886694320177,5.195472715719832,205,30.4627321924483,CRITICAL
2.0552114593382083,4.097449128045633,0.4479063991107948,8,3.245344610354382,5.767925074101402,156,29.790063959217566,CRITICAL
-0.20900503285823624,2.737775856569751,-1.751353571033523,22,1.4327500768458812,21.1496477922059,192,0.0,CRITICAL
1.362925541417317,3.527918677200189,0.7873467904214113,18,3.5448001060214556,11.390825561231475,232,30.183774601305622,CRITICAL
3.727653180348768,4.599011136327575,3.152392497120488,22,0.8556324620443265,27.720288956696415,161,0.0,CRITICAL
-0.7160791515379548,0.09731901445597257,-1.8401151908929243,8,1.1177282966041533,18.47031103243477,152,52.42458038410287,WARNING
2.0190037893586243,3.9328375095845374,1.9140215756796988,13,1.9863213056930247,14.17211721104642,100,35.0518144640713,CRITICAL
1.3021153946777,2.5228377493183505,-0.5679488025146031,28,2.640648399654912,19.51616075622796,177,13.211677021191667,CRITICAL
1.8753875073416193,2.1437696688761685,0.7271208009908727,17,3.82408935020886,25.509993047267805,49,21.132297256698525,CRITICAL
-0.9496113471142213,-0.4222452244976337,-2.7888809708160895,26,2.2864755842523485,14.861516919652734,178,28.767431679179232,CRITICAL
-1.9443969891194013,-1.6224949167987872,-3.910384765861414,9,2.544570851705578,19.239372285448123,298,44.93912420341819,CRITICAL
3.6313630104452344,5.035425317464105,3.245740213897615,3,1.988078435743035,21.933577014263225,161,22.185981734558872,CRITICAL
-1.9154948262892115,-1.0304220533143655,-3.2642971060787005,6,1.2897271122730913,25.684395128203732,237,33.2698982527631,CRITICAL
6.346279267049771,6.900622870191791,6.065055515781173,10,4.711214241506248,0.20490361618666353,226,2.355212528015339,CRITICAL
2.5225399106887423,3.4283774297635863,1.0767748538867474,0,1.6769891786692674,10.786562716834677,150,65.62124331800536,WARNING
-1.2906509131761645,-0.07440107427097264,-2.2956918556529438,28,4.495106363043238,23.095231423745588,90,6.387113251993833,CRITICAL
3.643813742475402,4.306361462381567,1.7290926687649486,15,1.1893350411013064,22.432045114525696,221,0.0,CRITICAL
1.2954070529101886,2.907960115989791,-0.03278182576913902,6,3.9283682898699817,20.41025759758194,71,32.25506656220168,CRITICAL
1.1690387444391606,3.920772864782087,0.94462116136462,26,2.9644216191991917,15.164611682777874,106,21.64537156582755,CRITICAL
3.1269160443697066,5.1678017581869184,1.6930801120084067,15,0.9092374000325953,15.311260620985035,58,19.53432300179782,CRITICAL
1.0794870592098489,1.2526974020074233,0.1547304477320015,25,1.8867630381491804,0.6531137367968354,160,53.16453225933131,WARNING
2.474826896990894,2.610696305174381,1.785769163866625,2,2.935235768359575,1.8076689395121004,65,94.86137248082277,SAFE
0.8324272050739019,1.3723711855510277,0.5615694720950264,20,4.902499782158454,19.376424542914904,245,13.744609206382677,CRITICAL
3.3480016313111607,6.099346861356345,2.593008932050963,2,3.572286593456936,19.853776143764044,98,18.53534098418702,CRITICAL
5.686292431990006,7.272820050622034,4.23057615017775,7,4.25669725250922,22.685382445767964,182,0.0,CRITICAL
2.3145638500651122,3.4523932541664935,1.8552357164893147,14,2.0577188074443207,8.26949183385382,87,50.32217314909981,WARNING
1.961186114813712,4.769899905970047,0.18310343089812986,7,1.4273672983259638,3.026901392775211,47,59.464410662486024,WARNING
2.0321418212333136,2.7663442748884908,1.943668361121318,14,1.5545267531940274,6.518076305326602,58,51.40135575114905,WARNING
7.581985165607835,9.310316172348696,6.427035536332071,24,3.5263935564661115,9.619953461789494,184,0.0,CRITICAL
3.914173364350755,5.154853983691166,3.363865523333544,17,4.768341147620246,26.39141672891649,119,0.0,CRITICAL
0.563203493767261,3.4800741997983184,-1.3199693258965626,21,2.215195846081679,15.733891796782864,243,4.0825917682958845,CRITICAL
5.689641321954087,6.412545888987309,5.238952225194285,27,3.684095588695875,24.17328479804661,59,0.0,CRITICAL
3.8067171312797603,4.208995384456994,3.321000099100589,6,1.9861834713084723,2.3721130018441605,260,43.47133385919612,CRITICAL
-1.445216020838818,-0.8737711655466032,-1.9821391965487805,21,3.222362508722761,1.1864266262100154,67,48.88163293932755,CRITICAL
2.57017850522326,4.246729934040841,1.6113900922814304,27,4.58164772390082,9.095640768934729,37,2.1180777204900805,CRITICAL
-0.8598578142191078,1.3807798681496177,-2.368519300113443,29,1.5916693183058368,18.132046022363436,134,23.96632059776235,CRITICAL
-0.5640142462218125,0.2851633463387263,-1.4965151679130233,20,2.1166679999820905,7.846848821560578,292,48.8281195236204,CRITICAL
0.7960244014237028,2.963265120984022,-0.7272335371957197,10,4.614487245038701,11.121147642937753,241,30.457154479810946,CRITICAL
3.184509048816894,3.233168751820675,2.0778859217325456,18,3.106143167168302,12.52734220665521,108,28.961917827268337,CRITICAL
-0.6198882439804183,0.11730180514561395,-1.7211733090145687,30,3.5818097555565775,7.719802729046483,280,26.665082672503438,CRITICAL
1.850166726392243,2.354867664246866,0.26021569768497477,5,1.129813378612778,16.39638986177362,124,59.16899389694367,WARNING
1.2528211321081306,1.429017286850321,1.1851736177787495,27,0.8344868514936155,24.539877325642603,54,22.64338843572019,CRITICAL
0.4743533344935562,1.1686535107258926,-0.9399857929133635,0,1.4842385260447717,13.68028976914302,60,76.17835235876802,WARNING
2.0005283773200384,3.4501408381855136,1.024819609313896,0,2.8949561825573147,12.340155246522494,38,65.29417646841651,WARNING
-0.3515555768130081,-0.3001277840057265,-1.9778700186408278,21,2.4375794390421706,28.191357383826382,121,6.070164286944929,CRITICAL
3.959660284958066,5.539028241158714,2.329231503531501,8,4.0772134943756,2.370577314433061,237,24.58997745551185,CRITICAL
-0.5407526348427079,0.3591712861770613,-2.196876792269469,2,3.441810738016189,25.746574770635615,46,47.935005054271095,CRITICAL
0.27558413343889576,0.44392895082579287,0.2566837881306345,5,0.8720875512761079,25.359893836209842,199,50.65856627951035,WARNING
5.64079592820824,5.768451201059375,5.2179618164391455,27,3.615294706031638,17.003524409718874,168,0.0,CRITICAL
-1.5539116404460935,1.1440233121489325,-2.6809313685420606,1,1.3070952644903109,25.51282800312743,38,64.61469189876006,WARNING
1.52221662450693,3.6603508243550094,0.7256245837166859,2,1.8467460031138814,16.91874598871295,229,46.77034965876682,CRITICAL
1.2433745860336645,3.462610098795822,-0.3376215844346353,22,3.758736065424417,15.023785549131754,207,0.0,CRITICAL
0.622529517060995,1.6443077564863129,-0.9154817896698897,30,3.180238979199258,29.06761581604665,197,0.0,CRITICAL
-0.3600378282272161,1.1117725401051637,-1.071660223638912,30,2.1894214819618742,5.57213537686203,224,25.856941176367357,CRITICAL
1.7116953415593272,3.851020939594484,1.5476193222130301,4,2.209999968875551,23.51670845610668,108,52.39655288976594,WARNING
3.0259761118501505,3.9507784772590444,2.3061411171563573,8,0.9600413635096064,2.6189169706534834,250,59.48843677021451,WARNING
1.3284400036532062,1.4072257156930978,0.6206114289626885,2,3.186160498791911,23.533161727584226,227,27.123406148839543,CRITICAL
0.48286041860876416,2.657391950713138,-0.6362126729161879,7,3.073821938372928,5.087487701769765,224,38.69501745245159,CRITICAL
-0.3864862188191147,0.051318243120528795,-0.72090102033738,8,2.3949605289763594,14.526939418017854,69,63.61124912289528,WARNING
3.6653337737883653,5.152741083956953,2.431996189716785,14,0.981375654114059,9.139739872537708,232,13.32217215311627,CRITICAL
1.7211531272481357,2.7097782760859164,1.0516806797542217,26,4.205908580629439,19.531105750998567,99,8.004352846791233,CRITICAL
1.619267610338878,3.0562968375252435,1.2639930677005966,12,4.8592634978601295,8.743444547401596,281,39.67763085483605,CRITICAL
2.6918462176214586,3.532746657014111,1.120113154267337,11,1.0124952062539916,16.91551525886358,122,46.81712633130088,CRITICAL
1.300594941984837,2.6854616104842823,-0.1161391605272899,14,4.089584844641315,24.93845426131083,65,13.189655680044584,CRITICAL
2.7739410159757263,4.271850661842607,1.5072689366683991,7,1.6370675821899126,4.624297033675696,246,42.89076763220063,CRITICAL
-1.5562091865062693,-0.11850508718839059,-2.3578193811650165,16,4.65573089302901,26.08901173436095,244,0.4364520338747768,CRITICAL
2.7443255022955553,5.430830048378253,1.6705135302463796,20,4.6148056192876306,3.2810827573286083,157,21.576016445807657,CRITICAL
0.13005291669093744,0.2629429972744862,-1.837163495213028,21,3.4103462271264178,29.00433400705817,199,6.657167777138282,CRITICAL
4.293691852018277,5.8257205735934114,3.256096318319578,18,3.594489839587802,6.63095208535609,221,5.911341686775028,CRITICAL
2.6340533947745923,4.1354507396337965,1.9441186195755558,0,2.6724698802118905,8.862966615552176,73,56.160693379589745,WARNING
4.559451719487708,5.925449625165339,4.145717067071079,15,2.0673513348604096,2.9286909337712674,261,23.189094742177005,CRITICAL
-0.19841550090835813,0.14684029918799968,-1.8967755170021776,20,0.9921320680314822,24.001503772516717,154,25.159939018968736,CRITICAL
1.3114617389501202,2.5905698898151672,0.3873534239612755,25,2.322713463261138,5.533553254541809,251,18.955823781281133,CRITICAL
2.4243302172768235,3.773055251399063,1.5652245350701366,0,3.671310271818805,6.173534381019658,62,72.77347905201853,WARNING
2.7970141413202576,3.894393229557802,2.402865591025167,3,1.680590279535624,25.87909642371922,300,34.65916399949108,CRITICAL
-0.11957533969115497,1.0580566774520208,-0.3480394863637113,11,4.304830112013017,18.52088038009275,182,44.186825798040964,CRITICAL
1.5410101898648723,2.480567424461966,1.0638647369872911,3,1.3237003324916756,20.803096251493365,291,28.88463269309991,CRITICAL
1.5785549046635907,2.8476712508832276,0.605214473278824,17,3.6204481693820987,19.357802852398514,118,32.549125758324976,CRITICAL
4.572900073304222,5.925902985544175,4.465677548042549,11,4.783288777195851,14.538267583370516,129,13.152159406538619,CRITICAL
3.7829745364896388,5.26788408008885,2.413581195369666,13,3.6956406778060873,13.315552284277866,115,7.826706257864669,CRITICAL
-1.8148357661419712,-0.9385660374658513,-2.364541602689039,17,1.7990163956354586,23.422205922898957,283,15.497261845380514,CRITICAL
6.875565139319978,9.345413563312677,6.141841595109136,26,3.9055380909684843,22.80012392676925,255,0.0,CRITICAL
7.1503535827126985,9.404390066943716,6.554935712506911,1,2.523795542736862,10.457309304669414,74,39.39069903383333,CRITICAL
3.963746105911703,4.674584272011747,2.342340672232883,18,3.601101142002931,25.83146088810726,249,0.0,CRITICAL
4.03471360375883,4.212787104676853,3.3330826458531675,8,3.1858595864806953,5.051320938092532,179,29.893332434649437,CRITICAL
-0.3959416023315192,2.560523304453863,-1.7545402341781393,3,1.1101500789260412,22.50282409467348,240,34.18768711829826,CRITICAL
3.954917353868046,4.335581859709476,2.2227597638857324,7,1.158095495412326,9.662901348281308,156,42.61473587479857,CRITICAL
2.0574073221996763,3.789683910112161,1.5199730180247044,13,2.1882754753080214,2.2654881999554686,77,64.02850773301822,WARNING
2.4988142972391403,5.130766367737707,1.5894229990902986,15,1.9728017607241863,0.0741925542595423,77,47.309319374870526,CRITICAL
0.750695540078306,1.8253637281012676,0.6240341679579566,17,2.289721406848987,29.043857402274703,138,24.947149475554887,CRITICAL
-0.06280910246028237,1.5791225038756624,-0.32399760307537395,27,2.6840205680382727,10.312188616578576,54,45.45942925658634,CRITICAL
1.7570771329353638,1.805921190053597,-0.10178861775967984,5,2.4857867699439193,0.020277945363126326,249,77.02318206397399,WARNING
6.249985996703264,6.7269183854207215,4.384534871251415,8,0.9200299303654268,10.813061501917826,72,28.71843767646766,CRITICAL
4.981707834661166,5.898235569193858,3.582825091612019,7,2.43153923339906,2.735975616506794,78,55.010863036917236,WARNING
4.13095430729703,6.170902482661766,4.1123804120801095,22,2.046083675153483,3.6178135845411354,246,0.0,CRITICAL
3.4466554049686855,5.86452590645178,3.2402523385518336,11,4.4644504774112175,4.113878842306368,98,46.41576148516984,CRITICAL
5.81645607234816,7.6474137901696135,5.488222972766867,11,3.7509441186394508,18.842401150227076,107,11.198941246547541,CRITICAL
1.696456075604237,2.348190109278716,-0.0967298156137264,4,3.886005409465786,17.687217532845395,226,35.5153564038313,CRITICAL
0.5763324490712725,1.3196915739620092,-0.712908687304523,7,2.9902848430312856,18.000236016775585,175,57.7896965251326,WARNING
2.1428564500879226,4.118072560343354,1.5395577829335254,16,3.2311709135238194,5.659395697975972,230,4.955420512420667,CRITICAL
-1.6725852139084822,1.191429320132976,-2.662360653795016,3,1.5848679002234443,19.142469896509446,66,75.28286500936184,WARNING
3.8661816870600134,6.667954892082661,3.602215925594609,27,4.275379863066314,12.625906027573151,118,0.0,CRITICAL
3.7267179036453184,3.776786108957887,3.5916527650997843,8,1.4708432233275537,27.67737866799582,233,20.06610604274927,CRITICAL
1.771424176363456,3.0177201594896617,0.3678028991164233,2,3.382417797405583,16.129660744081523,108,54.7746773573456,WARNING
-0.14055868630014845,0.469033795573335,-1.756678848241455,17,1.9703763332835715,17.593114890372956,63,48.10169493397146,CRITICAL
0.6249162583034504,1.340828422855348,0.13595675086471948,29,2.455176148727086,13.60115526891428,58,33.09290063873526,CRITICAL
2.450161054345326,2.8084900750689883,1.0343598401091294,22,0.5510777140948682,14.892387975681467,207,5.230053627284082,CRITICAL
2.6979226092624753,3.1988114718396177,2.444061394300226,24,4.4305702538001555,21.988075126651246,90,0.0,CRITICAL
-1.823862492963179,-1.007920707899118,-1.9516064712094752,22,4.887727645001802,18.82598498696164,284,0.0,CRITICAL
0.16074337313051945,1.861401757845869,-0.574632182583104,8,3.979980289660931,26.828052604327862,89,39.28404423153251,CRITICAL
7.3146424745130565,8.048296825583167,6.37111329535758,12,4.6410194536699425,5.36882801305355,48,15.528647884958644,CRITICAL
3.4836860171267743,4.74179393021517,2.840081988182652,13,4.621346441964027,9.598054126931268,69,20.715359626174582,CRITICAL
-1.2835944219511328,-1.1255779746899108,-1.7299645438524365,16,4.9163623877367275,28.622382223812828,65,23.76991238184975,CRITICAL
3.1961933798629136,4.1282867020051475,3.023422334996301,14,0.5358612810085499,6.020134603588675,185,27.39575986733418,CRITICAL
-0.5444960386785855,2.371077196774201,-2.540070271206397,24,1.3794009074277058,27.013298916792696,155,0.0,CRITICAL
5.707725999743628,7.6155515182825955,4.320804387165019,0,4.779456179645495,0.0438612160673324,222,18.490059877789218,CRITICAL
5.649072445300062,6.3635752288626595,4.665014691600267,1,4.876516561853265,4.271204556149052,173,20.930266383580882,CRITICAL
3.5276464178326385,5.086924073308749,2.1259525984352794,11,2.563061128448669,22.436981965207103,78,20.054277638607758,CRITICAL
1.8232940801961521,3.5989813702049815,1.6987283531562358,21,4.838982236297333,7.103152042256895,163,18.509137057886193,CRITICAL
3.5562517106898195,6.051951214752789,2.903748573130261,14,1.7238014232460448,2.2406230740743913,133,11.361118464167191,CRITICAL
3.5282887505134557,4.876988993734421,2.90022217488922,3,2.9116604709051064,28.939041667506864,136,19.51917076917795,CRITICAL
0.7800795703384837,1.0513422344840584,-0.8351142390225992,9,4.218740095728424,20.906339497112292,50,32.15020789473688,CRITICAL
6.555786991425558,9.460987003954665,5.763298066066016,1,3.5473251964508234,7.805003781636717,119,27.310820933587596,CRITICAL
0.4263533586830479,2.6705887003091755,-0.07335189776005424,14,0.9585830689783046,23.814292283309932,92,20.11956923169413,CRITICAL
2.982233991367816,3.3743797039997503,1.3348871609911046,11,3.588283679160021,28.127246941183138,73,32.82323801414063,CRITICAL
-0.4470760859208449,-0.38167553770500673,-0.5760201580146644,28,3.4069410301405263,24.278959958730237,77,16.05077970380153,CRITICAL
2.976137063304508,3.1042260205758003,2.0541472193006265,5,4.658592764902703,12.994691317160141,232,29.96126391213255,CRITICAL
0.2963766314035463,1.3582063894229064,-1.5202318003403006,8,1.7593454942632571,26.502713966808784,47,51.14106577777687,WARNING
1.7018629869424453,3.1985378169319425,-0.06369416137537831,15,0.7744058101977924,8.393279623169141,100,54.192348211963306,WARNING
1.855915153830611,2.603358419240849,-0.1322594009073157,17,4.076808099358416,29.682108472846018,213,0.0,CRITICAL
2.688610635012961,4.385563980156605,2.0454017976769383,8,1.3091714316404115,9.566327019881387,142,35.293034605366344,CRITICAL
2.864136194223386,5.290097844942089,1.9207674236026782,11,3.950789758026228,29.988172404340382,111,8.001343373049576,CRITICAL
1.9411865282574055,4.39004201308361,0.10666756311652437,1,3.9382237567287994,28.43407434658965,228,0.5480463456515987,CRITICAL
3.0353335138354556,3.563634616575426,1.8502944954726301,25,3.8214729550430144,10.763493980611859,44,34.03452882919913,CRITICAL
0.11009289089852858,0.5363997621437834,-1.786644121193252,26,4.946027946820894,26.44879079693281,282,0.0,CRITICAL
3.280839884006357,5.085828243341622,3.2409839042292514,15,0.5030757337272387,27.536885577619394,133,0.0,CRITICAL
7.012122222940776,9.616773517371616,6.893010297250708,4,3.1397412879104425,27.51672442443356,86,5.464808875791347,CRITICAL
3.1640167995493043,4.2847891397994236,1.280170372613221,12,3.1370749842721577,10.096832134224133,195,28.364516688574902,CRITICAL
-1.054976683898925,1.32055089110069,-2.9763008846364016,20,1.9277752696269155,21.21548763708984,212,12.232372139806424,CRITICAL
4.53411614648979,6.599611465286662,4.279419417042719,23,0.5080905800278963,21.060253444768076,230,0.0,CRITICAL
2.624982355468747,3.171227623509389,1.988548531748557,25,4.853892585271709,6.626857513110362,83,29.36687793554254,CRITICAL
-1.1561397911085898,-0.44215201566039897,-3.1208991009893037,5,3.362840466081657,28.89238873617187,201,31.46629934097794,CRITICAL
3.338973900321169,4.108947724949314,3.1229046978919106,0,0.7166635597997675,13.146604239773264,244,29.691018251056853,CRITICAL
3.3073119855233646,4.443449709846142,2.2152640501664562,3,4.229631399048131,23.661899834286583,145,1.6265651174848839,CRITICAL
-1.557743662631755,-0.6730178232833645,-2.19517747854507,30,0.9712627182446552,10.254246034496692,222,26.609044949113212,CRITICAL
-1.5499854737350534,1.3841390949606263,-2.225886642230925,19,4.519517776908841,21.135139397753743,250,4.424422581019638,CRITICAL
-1.0100168314285154,-0.5387054994361632,-1.2125324533751867,6,4.884792893044122,12.278395972519373,165,41.60597892712973,CRITICAL
4.96451107307411,6.613498973685596,3.9826145213221698,1,2.1237301455227287,12.828178723371405,180,18.238973070831612,CRITICAL
1.7505457222558047,2.0415064147003013,1.3366397564085482,20,1.8131515972074839,2.4580828413897704,89,63.08353400117729,WARNING
0.38480409104873736,2.367924255286752,0.2025303359473789,17,2.2438720265922356,11.130615745222423,225,33.69401664931945,CRITICAL
0.6746516247667484,2.0698254932307,0.22216706420141463,8,3.0391096456153477,4.533920232706174,79,67.85707311839917,WARNING
0.0627483192762801,2.9748649307970076,-1.1167045653309269,17,0.7744268572597742,11.613182906450007,297,34.1863207493445,CRITICAL
1.213086471873578,2.637559636239338,-0.5502212669616675,15,1.8448344905324108,11.844130956257253,47,55.02101470315605,WARNING
3.402730368829551,5.435335025557642,2.162184140130945,3,4.771646674032132,13.471192085641391,115,34.72164878337757,CRITICAL
5.1168744965779975,8.081714305588743,4.246088005512983,26,3.3225179550457904,25.023243560280125,162,0.0,CRITICAL
2.362618055083182,2.623700377712704,1.249889647143584,17,1.9675706241638122,8.28602459721748,264,39.171619107832484,CRITICAL
-1.9258172160438913,-0.1630889528469015,-3.4891885378948144,3,2.3649907944604043,4.445992238803338,81,100.0,SAFE
4.430464270244363,6.037364713682113,3.7427259130894335,13,1.6886148357666702,19.643630121406492,272,0.0,CRITICAL
6.043276320428134,8.12426007992941,5.965711255464544,28,4.455309342531288,20.71541262512936,55,0.0,CRITICAL
3.5250098974369912,3.585708563216807,1.8902380468264361,9,1.8992718403157585,25.28539705834222,80,44.72496642685682,CRITICAL
-0.6322555183893959,1.5989154065820939,-2.180317318777245,10,1.7123899145394363,12.503181831161482,75,61.87935690892611,WARNING
-0.7316569873646144,1.4911774093954093,-2.2506435778171276,27,2.1825959436191487,1.6861746121800758,111,55.65616967611932,WARNING
2.2574163901863367,4.598965679069293,1.2088439560093465,18,0.6302667169408356,5.7829034049467465,132,28.369766776086948,CRITICAL
-0.5030584320543241,2.251034775969025,-1.9123263224943972,8,2.1575836740864682,13.926553913606638,233,36.35409809075844,CRITICAL
4.862333807676536,6.64446458803299,4.507166419348812,27,2.6356203007769663,16.540011618232704,206,0.0,CRITICAL
3.3669515218731725,5.433503134721035,2.7968127690036484,12,0.723429692783082,25.614639797566397,139,13.571111874383023,CRITICAL
1.8842793505688924,2.691530088375764,1.0652649575778081,0,4.3908346854997164,29.01415067186342,34,34.74097206529345,CRITICAL
7.0043240416222705,7.675634136792197,5.787636275828984,30,1.8745686427305055,29.0107333010513,170,0.0,CRITICAL
0.2588527136260046,1.0148488414596328,-0.6745433173684268,21,2.842870542477061,18.70818288560641,82,30.07347572680665,CRITICAL
3.9965762792090525,6.514711537188455,2.873662044699851,19,3.2407254708710758,8.954277787598922,85,6.817384188163061,CRITICAL
0.01770192332689291,0.9931131341654102,-0.5360679372558597,20,3.699921990073063,26.771213930427983,182,13.88360081240008,CRITICAL
3.283873371982195,5.85581945206404,1.663815422557909,12,3.47238645656508,20.422672511621453,43,13.554005704624416,CRITICAL
3.984814597469775,5.240511655713799,3.2082647554588584,1,3.1236066608601085,29.842611902663652,127,10.431670496355732,CRITICAL
2.2802157352431056,4.195156504875945,1.328745331772612,30,3.52340814183084,15.21944566820446,117,0.40638694596399993,CRITICAL
3.4880153190635466,3.8718477381517067,2.970711617943131,25,3.0156424524868424,27.378742884785314,201,0.0,CRITICAL
7.357161160822408,8.618578865376842,5.5834740614354015,11,1.6725165593256661,8.821533649510283,90,29.7053656767068,CRITICAL
3.198360218155238,6.031263170155469,3.0559287433470863,28,1.3754471223961426,3.594478115625175,225,0.0,CRITICAL
0.47864352408328514,0.9309788773690728,-1.5060521816925805,10,2.341363310384468,17.082107639203617,264,41.432241522996385,CRITICAL
3.4040573346458687,4.401945675395448,1.430776589246509,10,3.3552453611870194,0.14140504271981547,170,39.09382368335078,CRITICAL
2.641253627923388,3.116558980050428,1.0708318165279638,24,0.8961860469157007,18.434392161751852,249,4.033934803979504,CRITICAL
3.7919670407801984,3.9051429962050124,3.3931385383239645,11,4.775308769668244,26.76019176592226,127,10.17916125630946,CRITICAL
-1.97525699615388,-1.2964598622866297,-3.72922726667358,9,1.0801886019273623,11.506514289230811,186,66.6702018726831,WARNING
2.9430629780464628,3.8155463534749225,1.4873991551528372,19,2.8585293965060874,13.009956901067653,98,38.427328392575596,CRITICAL
3.4083026568671464,3.9735807585397547,1.512133949453261,29,4.154037425780761,0.5737419936995825,144,27.27168828136321,CRITICAL
-1.2127653414969046,0.5563131629008202,-1.5507348252771989,11,3.6999954054313275,23.763814651376773,222,25.76544137599476,CRITICAL
-0.46526495644824273,-0.31950407170303097,-2.4546254237623724,21,0.9865105259497036,25.083600287081694,54,21.89749748377426,CRITICAL
0.5006533910772628,2.1425005452640393,-0.4481392855782116,4,1.4247271204617926,20.572200856427404,34,48.01116454756792,CRITICAL
1.9699874565443323,2.7799189051558995,0.758718782696324,4,2.384715882971415,26.95865775009563,291,32.187662245161675,CRITICAL
3.531318541531975,4.127258526650822,3.131819769239258,8,4.241744692282062,29.193591669575834,213,0.0,CRITICAL
5.481773566840463,6.104855519655308,3.615524877536708,10,1.5552736968720033,0.38248203805829384,75,44.06880044269792,CRITICAL
3.011392991579447,3.458826469579745,2.8312276444275977,16,0.837716961324485,21.707287453403428,161,16.443367915686984,CRITICAL
0.740507408469882,1.5328824767830043,0.6403470168439873,26,1.286158140254259,1.1833355990608074,178,48.60214664053888,CRITICAL
2.0605991920548874,2.4083023530337067,0.35810739070053876,28,0.7065008919203685,25.559961752234646,117,8.286608260685757,CRITICAL
3.367165704267375,4.172093900007856,1.9010298135905292,11,4.167339302914233,5.486082609109282,235,14.002502259784187,CRITICAL
0.7392321201488263,2.8089394135997683,-0.21725790179371596,13,3.419809177425187,23.907286711062206,87,13.325115762365598,CRITICAL
2.358466672538804,4.891516214833144,2.151040461062065,29,3.158376363456523,24.067943521352877,254,0.0,CRITICAL
0.2785046746953257,0.3649533634089903,-1.09042359206762,26,3.772753856185828,26.75288404464468,277,0.0,CRITICAL
-1.3223751237573955,-1.1844581476183855,-1.8456008582143753,10,0.5556209584367031,26.049968155755604,298,32.675287182899105,CRITICAL
1.459894048740277,4.393580721392672,0.1202053323116461,10,2.8359485555735544,20.647249303887826,78,19.328479071089124,CRITICAL
2.359911810543104,4.351043742301677,1.07710290492854,4,4.275648595534043,16.750327101065636,57,25.116448673859143,CRITICAL
3.6062285225209907,5.014095332452488,2.614558661004401,5,0.8368935911464315,14.749438834332038,153,33.30894842521437,CRITICAL
-0.3310572184465508,1.3204294907454863,-1.0883324034843571,26,1.5574999999607924,13.772837842447057,259,10.880198617025407,CRITICAL
0.9907368770421199,3.932749093879228,-0.4997410522724488,0,0.9618949466606859,12.370156430266483,30,68.25908758423444,WARNING
2.750699711033848,4.6633140782938405,0.9704779133837231,17,1.4308306198245426,20.14423112337468,204,0.0,CRITICAL
5.272299913017921,6.952752448336126,4.0327839736637525,15,3.7249613065812914,10.898836415092681,261,0.0,CRITICAL
4.706785572884193,7.1964372297873975,2.7779182059755136,9,2.964607617623604,11.216710813812028,84,25.457781098550342,CRITICAL
6.584280563239414,8.748957849593362,6.370357552200376,19,1.3816466021831726,3.6223742209858267,231,2.1558950436894597,CRITICAL
4.68966774298868,6.961115768419502,4.596667019170341,20,4.2685980686890925,17.66433323693704,260,0.0,CRITICAL
1.535896999665662,4.427461268258302,1.5272217443318161,23,0.7185722253435735,28.05924842494958,277,0.0,CRITICAL
2.6864889824910003,4.761942120363093,2.3391884421258013,26,1.0777180192321,11.622167376619979,194,10.041101193531645,CRITICAL
0.3079758324622244,3.0557065575535223,-1.216773480061361,8,2.2904149840486863,10.285764180978756,180,59.528457060813665,WARNING
-1.199769013903439,0.9002738407879367,-2.696622745659271,9,4.293834940766725,16.43417914078553,190,42.118743563951455,CRITICAL
3.6130724647752146,4.215739711751247,2.3647372863644383,9,3.589750837935664,27.635752932512844,97,16.813354962348672,CRITICAL
1.9005183268418673,3.4121986439716165,0.5118943793872146,10,3.696587272132364,22.823250744992002,275,12.828062710958584,CRITICAL
3.656041905305858,5.678772361923379,1.8683099025500178,17,1.7866759110141361,25.419032742616466,36,5.227299862092023,CRITICAL
6.351270893834709,6.950978145628859,4.850900856494602,5,4.925895771308019,20.501709859943613,104,0.0,CRITICAL
2.1435691021840597,4.404350946319555,2.0789563356994054,26,2.5366752703574296,18.483265012808598,144,0.0,CRITICAL
6.921535864354433,9.318001121823144,6.346258555339992,21,0.7114094657389942,11.44747884293377,243,0.0,CRITICAL
3.8549363323367576,5.511310124935948,3.829005856987481,8,1.4138925022820206,26.065498839525482,256,3.299834819551444,CRITICAL
3.4689182624424317,5.4118154190924335,1.958702852025332,17,3.823025146240304,5.894072452816383,129,14.941777218044916,CRITICAL
-0.9354446090704209,-0.37451486447344995,-1.2830348727810312,16,1.0370921507283448,1.2190269891562622,172,65.56598620595332,WARNING
-1.2196008193077663,-0.45455237491050027,-1.8807263967923045,22,4.718725027118814,1.1982176796428956,195,35.96880332014378,CRITICAL
2.641965699153327,5.171385642736865,2.0396560625224502,25,3.077046457497185,10.742567644912182,192,2.253950671848804,CRITICAL
3.7419263057650216,6.100701023777094,3.42318532073015,17,2.916661786402589,2.7583666181719932,143,18.833967388671176,CRITICAL
1.9800068586416621,2.8607299301522735,0.07939030592135854,19,2.887245030230711,29.898932478130163,34,21.14721951402265,CRITICAL
6.2113217791058535,8.967143676667664,5.723667451372086,1,3.571481123458376,9.628110315212444,88,30.85875934784044,CRITICAL
1.241423877655369,3.975431657541223,-0.40279425082456344,11,2.8143907793810614,15.262067790081403,279,30.438516609105015,CRITICAL
5.569473500637168,8.414108959582421,5.234683882210177,30,3.9799333320624135,15.996174664943796,63,0.0,CRITICAL
6.427025915094072,8.93402114833018,6.015866779130242,26,3.6623428982039354,29.286717640170835,252,0.0,CRITICAL
3.638506669049881,4.099770400702817,2.7200561985297975,10,0.6704884163576665,2.1974408747854968,121,52.942147869758905,WARNING
1.3485052319068647,2.031442136731835,0.8312093139245134,12,2.530065486848188,12.133440621128313,191,40.16890968304141,CRITICAL
2.0397923939662768,3.964060633411196,0.8030936761450724,24,3.8567796396854224,1.3655056135837773,67,40.57700138748048,CRITICAL
1.0170217054844883,3.074657682633886,-0.19610997688917275,9,3.943734084592081,13.130284484046749,232,30.221223701590535,CRITICAL
4.099328627302551,6.339590362123287,2.50578775321646,27,2.9557601088837018,28.804027952413037,103,0.0,CRITICAL
3.321868713833492,5.923285630889142,2.0259874965157545,30,4.772592965887307,16.60572563292837,102,0.0,CRITICAL
-1.9698209655559693,-0.3583648198925864,-3.863779744013713,9,1.4452380081067575,22.24291449119442,206,27.11736942921985,CRITICAL
3.433768182066001,3.8611335334066457,3.065782736495235,19,4.256367650906279,5.829786460389763,122,31.709779113505782,CRITICAL
6.75520907090492,9.725438338851841,5.65750684394925,20,2.9734907435562503,8.71958002560256,64,12.50687614814955,CRITICAL
-0.8154944453125039,2.0391252737200873,-1.5297711633361488,21,3.449628413136287,3.001351718262687,65,46.00118590842922,CRITICAL
-0.09328437659764766,1.7557429141807117,-0.7046353554110891,18,1.1857773292436002,17.005856789162777,191,44.586589219295035,CRITICAL
-0.988162934564119,1.368817401629451,-2.4125611890155163,20,2.462558297403598,25.203301763419656,98,36.79580179847574,CRITICAL
-0.01062229821596361,1.325451622482685,-1.5601562212677946,15,2.982523217720887,5.273104826856761,71,68.41792995338261,WARNING
5.693090185390112,6.4827941371708615,3.920418521232321,2,3.7734141524083897,26.763155539027665,289,0.0,CRITICAL
2.875854398990742,5.183455163698285,2.4503330266381482,1,2.9821729933677124,16.304079717543555,271,26.539081392824443,CRITICAL
-1.1082020983479044,1.5661105328153537,-2.2874036079014983,27,1.8094962209646825,13.941034265113583,291,10.905540242551652,CRITICAL
4.194404022692957,7.086404827680657,2.2306976244735512,21,1.2462959841447123,15.424100415491464,258,0.0,CRITICAL
1.398143527599208,4.014728990163488,1.105745421502228,23,2.6757653707734392,10.763866165374179,142,12.61472377834038,CRITICAL
-0.6095005543741066,0.09255545217985095,-1.9466717543928413,16,4.584767416578323,10.837540936788864,270,34.17901944031145,CRITICAL
6.24262374356654,6.5522987822559795,4.305740941894127,20,4.2334122004414265,25.0461679865218,164,0.0,CRITICAL
1.4209609109394163,2.5565164621099017,0.24560326141436195,28,4.2596108045449,15.49988692661816,222,0.0,CRITICAL
-0.662604472799371,1.7891058229013448,-1.3526691189072466,25,2.669495403709067,18.126329408570605,286,18.82034243188562,CRITICAL
5.572706365714855,6.4151348907644765,5.272225550141734,5,2.1300032489679097,21.51908125362286,90,11.611096429105574,CRITICAL
0.4876821105706375,0.82769820326258,-0.8627767420604342,15,1.4481677797329353,4.837387795878772,240,50.22446038154291,WARNING
-1.7411340119890077,-1.2577465908863936,-3.0002148617653175,1,4.5085895216108245,4.4059530025523905,115,82.58259646016708,SAFE
-0.9197747625422175,0.8782978058425717,-2.046984167213748,0,4.453290423288664,21.83922946343088,175,39.47253868622694,CRITICAL
-0.7004394926486899,0.7138008720958777,-1.6637762907587992,7,4.236636086169264,18.025161432336002,123,41.23211738911634,CRITICAL
6.4279558190208395,9.195011653555682,5.234889094026121,2,1.534162042304509,11.563856482255426,85,35.165626272734144,CRITICAL
1.1362680581029512,3.1893715516994527,-0.5167603130755742,19,0.9333435952544198,14.27607556468432,49,43.77752637742968,CRITICAL
1.18857970103603,1.4681495984397679,-0.1302055212906188,28,3.2156359287111975,24.825653359562203,250,0.0,CRITICAL
5.649082594698529,6.337541363835679,4.044482202682901,25,3.959022523578735,10.515534413393157,80,0.0,CRITICAL
-0.4728918309297607,2.2573642390966944,-0.6405269928551163,19,4.44544840936951,12.259401140616456,126,10.054694541480306,CRITICAL
5.612703148939781,7.171988685509005,4.862643385529896,6,3.5949503154999927,9.477051438878119,215,0.0,CRITICAL
0.5564295344759191,1.3403382187663488,-0.5157802472834851,18,2.1453984249641227,8.266816286399663,233,47.549719006098336,CRITICAL
0.47936894977561817,1.92677222079626,-0.26105698798267585,17,2.6769207093268585,29.655247920748536,206,17.741944842449918,CRITICAL
7.319152633074032,7.676409926562434,6.859610024118606,25,3.6469014903277404,4.853853531244088,139,0.0,CRITICAL
2.7164867373602615,4.558562838448578,1.3473578439432916,1,1.2233210410994775,28.937107541235523,32,33.04369360887174,CRITICAL
2.93953279310443,4.740269118384294,2.7632514144764078,8,1.497966100787804,2.4011921008740797,49,62.24494713428065,WARNING
3.5841099463901562,5.552635635954926,3.0111714786550174,30,3.1886265371634335,28.371475735368232,119,0.0,CRITICAL
6.284421113534215,8.696150840880366,5.712408090116824,1,4.027817504091688,15.316435511964624,148,1.1518998570354944,CRITICAL
2.0441462860730795,4.009203644225214,0.09285448418168163,2,4.985677147222429,23.39018636929252,210,0.0,CRITICAL
3.07683261248937,5.18769838579356,1.238477770271122,17,1.7802220416637073,24.892944073478994,208,0.0,CRITICAL
7.815285697375431,9.179562723351772,7.00737275796244,0,1.6749837755237258,12.214038783216049,84,25.58630712869659,CRITICAL
1.0190149975233593,1.3700419900889518,-0.007558376698998837,8,4.4425087080938015,24.394420488191226,158,26.941918614713,CRITICAL
3.7963327337986357,6.1062343120001366,2.2813861637052906,30,3.990194622910156,20.447840197545386,44,0.0,CRITICAL
-0.4530814110835977,1.912886644809839,-0.8938460569717022,22,1.5346856236511934,9.471920820867858,210,30.165042172048384,CRITICAL
-1.9416608497134504,-1.1968880216272177,-2.1276797100376337,21,3.869546593687207,10.259786339706661,121,31.765554540892897,CRITICAL
0.1212275572970265,0.9284549047034236,-1.7730086608299298,21,4.686148685177218,5.70502493508145,132,22.3486137193016,CRITICAL
-0.5476608929302176,0.13996170345510983,-2.2175418530623308,26,3.283686046318137,4.679867054284768,84,48.19878492654772,CRITICAL
-1.5290745641673158,-0.051079974350679125,-1.542321916473029,27,2.93663279571361,1.2678938019299324,276,38.711965353836675,CRITICAL
-0.10749856416849624,2.5354631814736237,-1.2565373240671711,8,2.70862408222946,29.531840480326636,291,17.80266623183187,CRITICAL
-0.6674433015211203,-0.5049987876547679,-2.2659831370810823,15,4.7284448961426,0.9768794109989409,207,38.93716922852398,CRITICAL
7.882535976185209,9.977269680473627,6.962394796092349,22,0.5378837216883143,20.22309181334504,224,0.0,CRITICAL
-0.0473828005074417,0.7317195067634524,-1.144509601265819,7,1.7123370328624106,28.755804511848993,205,28.659241511219268,CRITICAL
6.503563134081504,7.620492017687952,4.794910959599864,8,2.5282804616503527,17.142291545377482,147,8.141906641413996,CRITICAL
2.324892756489624,3.990912898751727,0.6122752789998638,6,1.1562968090189136,28.774437622400075,106,39.729870245282974,CRITICAL
-1.9415462534156174,-1.538131199431949,-3.7280870723660007,20,2.8265313871422526,21.616809885738917,279,13.000341821534487,CRITICAL
1.3728307124302672,2.5680364180202497,-0.00825563949102115,1,1.4696029623015323,7.628690483392645,79,79.49854819063792,WARNING
0.007939231087376708,1.6889893355301702,-1.8557499204681596,8,2.0486312440727574,12.352827143945728,209,48.67368583974137,CRITICAL
5.8794722873667435,7.8268651430654685,5.530394615907827,24,1.7807392932324906,9.752708600430077,291,0.0,CRITICAL
2.4191569885729303,3.5623699838114673,1.846109835461352,20,4.804674939452242,26.047729514742386,202,0.0,CRITICAL
1.6738608288006889,4.395079982607497,1.5156369738714879,10,1.5269807272454297,9.506347250866837,179,42.10433485116604,CRITICAL
1.632309838144971,4.295385257918841,0.07036176429877283,30,2.134241781126929,17.607593205780315,260,0.0,CRITICAL
6.638862082162023,8.624929725587942,4.7579874074860316,22,3.8738288161180265,6.317144744152677,233,0.0,CRITICAL
-1.6172456024530386,0.028055629001842775,-1.6699754291855207,12,2.8579225610381638,29.880411941539762,83,47.62452264264987,CRITICAL
-1.0683538279990288,1.5880601232901677,-1.687095135099026,7,3.8191695271342154,13.294812804418955,94,53.31277110626864,WARNING
6.3177456765190225,8.8988521287592,5.667343043206065,15,2.6023706450120874,26.12694819433633,169,0.0,CRITICAL
-1.1893105520512648,0.4285521533218277,-2.3709724052095034,14,3.3397138518847687,19.075534092775072,252,22.234598043545073,CRITICAL
1.8371694922648723,2.878674392757265,0.757833247992753,25,0.9029931015399946,9.236045561533418,241,17.598070439377246,CRITICAL
7.076898945804441,9.620738410952452,6.389129111304452,15,2.9079449961887818,20.633098912705865,281,0.0,CRITICAL
5.152176566346167,6.03094440535333,4.6897457793078505,0,2.966954880814235,5.657129379749863,253,18.947520796201832,CRITICAL
-1.0203830280182673,0.14878678154132063,-1.7770991485681908,8,0.8564437992876559,18.75969042768221,294,47.64538294076615,CRITICAL
3.4597264206357092,5.513647291771267,2.890372711288803,23,2.8937491971227445,8.064660745763154,126,13.53482023391604,CRITICAL
-0.9055569259841432,1.005121202660897,-2.1410157537891736,8,3.652126690763175,14.759880420816565,194,42.19395397246996,CRITICAL
-1.7022075666614083,-1.1443947722368313,-1.9067545439744877,8,1.0626764127491544,13.152499063411444,34,62.328104979559555,WARNING
-1.0958978378150686,-0.07015927620918982,-1.7190512082211795,25,2.742780901423361,11.141912444759411,46,48.3024864703583,CRITICAL
3.061277795608471,3.2293928288141496,1.509971974183424,2,2.944363777456138,5.448112158222262,158,73.1725072399957,WARNING
6.840728354255949,7.587615435777652,5.2982776882012805,14,1.612229859972637,29.83606227491281,131,0.0,CRITICAL
2.625975806741132,5.5723233609579745,1.6803247167581017,21,4.8254625343121,28.086457399218496,111,0.0,CRITICAL
-1.7468845064316136,-0.18410574767908483,-2.2535099871017916,20,1.8446588769127155,10.812799681913756,56,68.63657665749601,WARNING
6.164544829508724,7.138085292399015,5.829824116692152,8,3.131135870057517,11.874249008851596,154,7.089298558893422,CRITICAL
-1.7480397858734276,-0.32222774958847733,-2.940464353736653,11,3.968586500008848,7.461667692146849,285,47.91401552304213,CRITICAL
1.7118691506276469,4.702788459578253,0.46160449020883343,1,2.0998295389159547,4.6175530630338475,84,66.25827457665227,WARNING
-0.6039522148636187,1.7617332624970017,-2.1173472612663966,25,4.513081781374178,21.995664952613108,40,6.892499802840422,CRITICAL
7.493315221350213,8.949221620837752,6.618315213020095,9,2.942303345625624,14.702759874561986,125,5.436205442820837,CRITICAL
-0.057914745849263705,2.545070774022215,-1.2552746343205392,27,2.9953413957472543,2.066297500834783,109,49.49384199795668,CRITICAL
2.9165113089985812,4.278748248385303,1.3646754943135635,16,2.205696063499598,5.566028702914498,39,36.197346065702234,CRITICAL
0.1844511826045765,1.146533465527818,0.05776766940594147,30,2.9253043471703215,11.62472520542207,298,31.83224182557681,CRITICAL
4.4156454176679265,5.6450590009667865,3.771597306371271,3,2.8544024263695595,2.0003952928879687,96,66.78638800036109,WARNING
3.9580832011533373,4.053534650853309,2.6745798648980923,12,3.460645662282358,15.77464087843235,161,12.490856272455604,CRITICAL
-0.6756632951220742,-0.6364049656215699,-2.51773371384855,20,2.7113247564272336,26.693019754903993,70,34.680591434316334,CRITICAL
1.833500298590966,4.063932621322071,0.05263907858948924,26,2.1608089288631307,21.253013549365107,166,0.0,CRITICAL
2.4058020295376235,2.639608154119098,1.9740019030955078,16,0.9370366257094814,21.755157984275666,227,1.8946041310667572,CRITICAL
6.1266252676957595,6.663318942582511,4.628236551741015,13,3.857487693241341,22.988502600481578,213,0.0,CRITICAL
2.215302497084842,2.5276096872380527,0.6303793015380283,17,2.3070072812670284,10.12538611684707,110,55.339004769804596,WARNING
1.5994943876420926,4.306949299600258,0.49933170285185424,10,4.3018430670554775,12.370298750143727,250,3.261549750407612,CRITICAL
5.728131197911804,6.853320422520975,4.627653786669275,23,1.6434010723236085,28.84955326894003,259,0.0,CRITICAL
4.422410853049264,4.471318196741061,4.152239434361384,28,1.858287442695794,9.010018851845208,143,7.1482281279355595,CRITICAL
-0.11057194970393036,2.7194717690301364,-1.7552468659110818,29,2.991484189783943,16.689692565203053,109,20.94287127537551,CRITICAL
4.324940896298099,6.993816953762483,3.8252270845281044,8,4.149834065521962,2.7571536385611797,234,5.690649369201198,CRITICAL
4.623460270200081,6.071059789383623,3.6469074734532123,28,3.603177954724546,17.286973853300942,78,0.0,CRITICAL
-0.19764047694035214,1.531210611528664,-0.35459526878605985,1,4.6484217343409115,10.03168933419813,252,54.16521712617919,WARNING
3.206986581707322,3.887139595793777,1.9014282153866202,19,4.678939246024599,19.01661309095143,225,0.5412794876682305,CRITICAL
1.146300109081667,2.8410387910592076,0.4926368537715844,22,1.4935872866912832,1.5155944243748254,231,34.71040244740369,CRITICAL
2.5170412180631843,2.7872900756973777,1.6531698777618045,25,2.2744508174512967,3.9656713611263417,72,49.75854654397373,CRITICAL
2.471890228210885,3.2595641579561194,1.6748361534790714,13,3.9822131145031547,3.911255246855224,99,56.80922501976015,WARNING
-0.8113488336863623,0.9026432150264418,-1.9336840533079733,23,2.8591150202461053,7.269452751795347,166,42.76771898791684,CRITICAL
-0.05953015306273257,0.20925379131747313,-1.4030252599622033,13,2.1437043999685743,5.714692247078946,206,45.9387714904107,CRITICAL
-1.8547590179883857,1.1081967329028017,-3.0872010068973923,25,2.489945473554132,4.374554255708327,52,64.24213206903427,WARNING
-0.5990624189517557,-0.13108876741444664,-2.0560359247581443,2,1.0056728335329692,1.636140400852627,105,100.0,SAFE
6.468976125280587,6.802810102229997,5.568852984003895,0,1.993445235792867,22.200389550180464,138,0.0,CRITICAL
1.139595288799188,2.5886742798332634,-0.3202518782203896,4,3.6278201464146265,20.04781745785218,222,22.830049433264158,CRITICAL
3.8515982352238165,4.703638858367789,2.2732212462089723,19,1.720766531220701,13.948824552019952,34,15.665977924216177,CRITICAL
1.962236952989267,4.700843294025685,1.241798668349517,3,0.5858524577038737,26.022313285634436,227,7.31168620137817,CRITICAL
0.28420721777708735,0.5830183533046994,-0.3467047208404721,27,3.1869788385333337,2.640620064679694,131,42.00650822868879,CRITICAL
0.747917572886684,0.8123829475297206,0.2531332933871815,16,1.872173853226478,14.697985364511565,110,45.18372225364893,CRITICAL
2.1058681317528967,3.0128467665619607,0.11387930925928003,16,1.7414522554987508,1.8602909056378203,161,58.786772741911605,WARNING
3.342412516472569,3.4308102118381925,2.232533813278958,8,1.5151221393248944,10.253584585452522,231,51.56931758949612,WARNING
-1.4732298971761915,1.4085871831575232,-2.6981266838764024,20,3.5893549064057013,12.520000094255984,108,41.26464997012445,CRITICAL
-0.12570341334929847,1.2218041426324362,-0.38924767788575765,20,1.1235943705934148,16.24061480553045,133,43.62587661580068,CRITICAL
-0.14600962302690368,1.4254068274787115,-0.41651461071473417,29,4.890996090808697,4.354571846775356,110,43.17496210841939,CRITICAL
1.3440417885614124,1.6992036607129486,0.7088466101789785,28,1.1548527387668033,0.8845003915060334,193,53.80131900108576,WARNING
0.4842409325180732,1.8132543936670293,-1.3832961162643127,28,3.3658132940502847,22.150188373132682,107,14.791078849727928,CRITICAL
6.812237418664827,8.648182211671898,6.278512192655867,18,3.255629096471526,17.890820778649122,148,0.0,CRITICAL
0.15556800720730823,1.5853746673398645,-0.8490811676936143,19,2.6094357423788757,19.487056592246756,124,43.521294324655855,CRITICAL
3.966299147392551,4.0629878070736885,2.4372214391360814,0,4.664457874107093,28.505941274697488,143,7.423666616628996,CRITICAL
3.9294605047777402,4.127869477482408,2.0752540924221528,14,4.402080511873715,14.698286955325909,196,0.0,CRITICAL
3.325521495049469,5.654165652440353,2.10966157920688,26,2.211683759398044,9.386924742344924,298,1.4139382448630755,CRITICAL
3.5465814639482494,4.91728273584752,1.7910475296766768,28,4.981263671858216,15.561079577625351,232,0.0,CRITICAL
-1.7644902665450746,0.5309893506627625,-3.6896748896865934,6,1.810307130053583,11.94119674363678,185,72.73677012530126,WARNING
4.472098626685674,7.229197086612219,3.092192709682376,28,1.1400782844879123,24.896805132799187,261,0.0,CRITICAL
5.927238603600951,8.610222658347745,4.834424394507698,12,2.361016872939275,13.52657564541223,121,4.536807357543369,CRITICAL
3.3797050437018745,6.027350385784029,3.1993457211229335,10,3.6127284274890563,27.214873890162202,113,0.0,CRITICAL
5.246992090123609,6.335822257595373,4.199357477991311,12,3.770932261346278,29.25574276857073,111,0.0,CRITICAL
0.2836420555668804,3.0204003920332774,-0.8473411014614578,21,4.38202615585479,4.863722891096444,104,31.788667646732687,CRITICAL
2.2722849272777355,3.200839843588681,0.7350240825558503,14,1.799512418501361,5.420880790998183,97,59.60433879515914,WARNING
-1.9788026084351396,-1.9421793139629822,-2.974057823236735,15,2.945755218219351,0.17251646697161727,282,52.37878354019477,WARNING
1.5331739631058552,2.7636280602399244,1.3743641283690229,19,0.5295786045581788,26.46503594830817,172,16.19766038869585,CRITICAL
1.3452918896133323,1.4920482894424216,1.0487795532539517,20,2.0705892493221514,4.3612324864780785,46,76.66996542946195,WARNING
3.0280866147556367,5.789240709564245,2.9300238892580386,13,4.971808312849087,4.840056822916229,175,21.110897560486542,CRITICAL
2.149081708484,4.511004447084758,1.794243173796641,14,3.8720066406231246,10.805659427824574,48,22.931262878217694,CRITICAL
-0.20423311042091963,0.9325849443504606,-0.3395664660629103,13,4.294893335380554,1.947775995619454,271,36.34545789078051,CRITICAL
2.1677166309688065,3.7488748311826687,1.118424212461389,22,1.4407294113505023,1.7455376183917126,300,34.87189263758583,CRITICAL
0.901977899256682,3.703652923621232,-1.0705789854315408,9,2.4217412228867463,25.433939095546727,162,30.253912253315946,CRITICAL
3.970146013345307,4.359285426008214,2.8448773380120915,16,3.781331347997183,14.932233428769807,122,5.836636812195611,CRITICAL
-0.6036701630687535,-0.02300385194819332,-0.8400844320390461,14,3.3145733407534395,3.5377717176381562,136,59.99564351255506,WARNING
3.9939220435007847,4.995298814302256,2.8730910336651316,20,1.455520701042098,19.218549326327548,174,7.544175221785567,CRITICAL
-1.5929836195212954,0.05699717863207132,-3.127048821491206,3,3.586261048911311,10.240847556900082,44,85.32042769906141,SAFE
-0.8359065206118754,1.9309327751435919,-1.7941230673286108,15,4.0876447272301615,19.369566619937245,276,11.553862886667288,CRITICAL
0.7637076180603346,3.4514934223717364,-0.16123253267726434,26,2.362788794003836,22.277539384966108,296,0.0,CRITICAL
2.3497849260954986,3.9574413532416597,1.933259985703159,21,1.9927368171357285,27.48559353233042,211,0.0,CRITICAL
-1.1041705632004135,-0.08671330933558652,-1.854652118461293,17,4.290825987211337,17.12944923468435,229,11.873789101480831,CRITICAL
-1.2989321709605894,-0.3740879125642729,-3.014571126114105,22,0.6423269713054476,12.416087035864095,284,18.770487326207924,CRITICAL
0.2295014613228883,1.1373875764001724,-0.8206993780523437,5,1.0050407252011488,23.54831949712225,133,54.13353846167058,WARNING
5.413315955734096,6.913478881023916,5.032892598543667,29,2.675623743206149,26.216372815585423,188,0.0,CRITICAL
-1.1402297123008345,1.326185841587996,-3.016277405734397,21,4.967241548726165,6.155613301225893,48,34.59368410614045,CRITICAL
2.2820643424157883,2.2943939501181623,0.4173896543741318,21,4.316558109032319,26.15625279107896,200,0.0,CRITICAL
-1.723161379854255,0.2537914801782448,-2.34812297989684,18,3.9132221930074915,19.1655255613034,137,30.208803698461914,CRITICAL
-0.844726162259249,0.11272320924524615,-1.726957407763927,3,1.7269439300294462,4.724880443581241,88,95.15256717490391,SAFE
1.7376697760653093,2.3574019147853607,1.0370335002170747,10,1.7197344536856238,28.29833456226148,175,30.740829426409682,CRITICAL
-0.9723501471619516,1.7043791669880886,-2.053504351227269,1,1.0853330092911948,14.122067370256573,55,71.05926918861267,WARNING
-1.677200745666642,-1.1402517659161224,-2.8694434707301433,18,3.3326181043891965,20.70374690727118,258,8.163153376849316,CRITICAL
-0.12535609309380846,2.0133399610906855,-1.4670966239616803,17,0.8534552334365879,27.683519740941282,268,5.677893022581583,CRITICAL
-1.4425029540277565,0.6532952731991841,-1.637028947726356,9,3.580150886624185,21.306477062365445,268,21.705458747721778,CRITICAL
7.478504308199215,8.252662605220788,6.751605617259119,5,3.648265794870927,19.955418556256877,196,6.53283067699572,CRITICAL
-1.8184152067289414,-0.7640927446771606,-2.7408985741387406,5,1.7701581601480898,10.458463267484358,95,90.07949665955694,SAFE
0.434115893433372,0.7550597778180724,-0.6781838267563693,2,4.065939227935162,15.98236697784994,235,40.905359567213196,CRITICAL
3.795101447920938,5.2422254161604345,3.662981578618514,6,4.162620672011892,17.729105971265245,252,0.6721119424199138,CRITICAL
0.053205007815072314,0.572461376003906,-1.2860053843902612,23,4.6888846658437675,17.22564872430597,279,0.0,CRITICAL
1.5764529613960576,1.8694146889710406,0.6860204966746462,9,4.801475508705315,2.08822904488277,85,76.85508681938549,WARNING
1.5784324901406483,2.56065721892525,0.28845425924458135,1,0.9073985217455992,24.51100769763814,30,52.5707771738414,WARNING
1.9652883626170352,2.8397981231305494,0.7341440300601407,14,1.380499790798705,20.445503639599384,192,12.997353342941135,CRITICAL
2.7660799583734983,5.521584826031516,0.892726992143478,22,4.921611365810264,10.327938792919202,75,5.827269778260532,CRITICAL
1.6689445370326181,4.211854773023702,-0.03606582186996521,1,2.1615030210825847,16.466554098106812,57,40.0084331410642,CRITICAL
1.3601815471389864,1.6892764978726444,0.7957630544391303,0,1.558585267087219,21.06665646810022,231,41.25214303419942,CRITICAL
2.2706419102604514,3.57621205547522,1.8482097608727408,5,2.636921358300819,5.6468051423329655,226,63.433276707267915,WARNING
0.16172733187508648,1.0271399470578446,-1.5837440513100927,4,1.10424851665059,2.152379896131732,38,96.43995886455023,SAFE
3.3093320944920777,6.234257175705291,3.037780603400477,4,3.390093048116097,12.47566398832636,263,0.9358246914244006,CRITICAL
2.1723431171966867,4.042088561996588,1.2635543987732172,13,2.984225136714588,13.501373019378194,211,0.0,CRITICAL
5.4907848181875005,7.6835249583741225,4.066524820257438,8,2.3487701614911853,16.384987810928898,217,0.0,CRITICAL
-1.772809807889928,-0.6670740116507523,-2.9333473708791167,30,3.607237691881388,4.262624397170275,299,36.83579098130395,CRITICAL
3.9020102657637983,5.296819247710271,3.745541061884013,28,3.2453177414686127,7.356939123373829,69,13.840740191466187,CRITICAL
1.2351832746609257,3.0743006165840643,-0.5719872705526867,17,4.003372099612097,14.066064310230633,292,9.060550814064769,CRITICAL
1.4437918096995892,2.5025354346978,-0.5117292195078671,9,1.8014379944934449,1.0597872052456025,185,72.26971714086991,WARNING
5.365802659770141,5.873040382633249,5.262562890187395,9,4.1400310085580525,18.729510164401997,176,9.84760188181029,CRITICAL
6.918814110675782,7.674967034063192,5.6872185902841395,8,4.360362728359556,0.4260903018927198,87,26.038215396897037,CRITICAL
3.4607889320747605,5.438255853135736,2.7212552721421366,5,1.675636645565738,21.02324617718068,278,6.808091908646524,CRITICAL
7.920358288452084,10.822395189532772,6.72927010472211,26,1.1936763433312172,14.878448267153194,241,0.0,CRITICAL
-0.5723153653442583,1.340408634139996,-0.9940288602673342,23,4.288248658573931,1.6297735964345383,165,37.55483931448542,CRITICAL
4.993724013724623,5.89782540358572,3.5014229229439504,24,4.65106661913055,7.00983935143071,229,0.0,CRITICAL
-1.1291010142665154,-1.0935118939799864,-2.9835460663733286,14,2.2190184261889776,9.470658740795265,51,60.97364320737959,WARNING
1.187760113362557,3.720477961897123,-0.03321102270140619,20,4.362600529392493,10.049022198541337,166,33.02316360907829,CRITICAL
-0.4679364865566815,0.9153892937713317,-1.8185187248298686,7,3.804410550918462,17.66172873314409,129,47.1995232207631,CRITICAL
2.066308961374089,3.006118444982973,2.0451529830401114,0,4.242602749211965,0.35884233070509697,80,75.25264263927245,WARNING
2.11299731340746,4.288749281507315,1.6092050991169673,1,0.6066521278566681,2.7582384773079838,141,64.50488959248253,WARNING
1.8284973109568714,2.188428640290349,0.11561566234655096,4,2.191812980575679,22.91573298720208,124,43.96001630357244,CRITICAL
2.173921801936462,3.5747885337994356,0.30155768211297396,20,2.5404969427893254,29.857421206619637,248,6.922214918091258,CRITICAL
2.005475212777279,2.7774849988906163,0.44401261561579153,8,3.9969767762775956,11.48397007329548,200,56.95958567113121,WARNING
-0.4505683650550685,0.08322009485482118,-0.5893653277293551,29,1.4030110146579031,11.779033358046897,281,26.084304686179205,CRITICAL
1.2437929407674364,3.0856918136943756,1.0312935172544826,14,3.7193014298787945,3.098613478584787,67,52.70412327135686,WARNING
2.3652709089486157,2.421565288253987,1.3698681533773953,20,3.381508711754563,27.986811705939985,229,0.0,CRITICAL
2.2003311960323533,3.924251951203468,1.1695651901049449,30,3.969457829058599,14.344182782484067,236,0.44049153683836906,CRITICAL
2.685622221780225,4.306008372837264,2.679007501190947,30,3.601675888008587,23.39489657030992,92,0.0,CRITICAL
3.610253125053706,5.655760331884716,2.809023528093241,20,4.986571083327438,19.41223228514201,217,0.0,CRITICAL
5.29819676877756,7.597721037806133,4.0026116251649295,5,2.9951396225168576,29.0253888184198,127,0.0,CRITICAL
6.444212911995542,7.9037235383010875,4.673784602662347,14,3.8089588236256704,4.198288552991661,128,2.253646054844485,CRITICAL
4.9438376673680775,7.322055182878817,3.6570223920010134,15,2.9027302104405486,25.027508768091668,260,0.0,CRITICAL
-1.9014902843366857,-0.8883344710946706,-3.3435142626119627,12,1.0318419892531017,24.213111174222067,297,29.58370364756061,CRITICAL
2.068466940680147,2.515327829453011,0.9097755160572292,29,0.824150626852732,22.063791709003702,280,0.0,CRITICAL
0.8273178148498621,0.9647228954070866,-0.5752758074887072,4,0.5646434223288337,18.979843642553238,187,68.20739223016032,WARNING
-1.4162465577043035,1.0898099132644752,-1.5441617883629564,26,0.9784904011622706,14.9143048960665,142,20.63110111686986,CRITICAL
-0.7841531592810991,1.7235346846569104,-2.2600099652970354,12,1.959057234552584,29.275598082860196,100,48.215898859234684,CRITICAL
3.227932728569405,3.7482756746704684,3.101488953262085,8,1.1355656117869566,12.454629727017322,219,35.534077299014186,CRITICAL
0.6319672723253635,0.7540639554111674,0.4320315709692464,27,3.344875758558413,11.283931682481237,110,37.156303262682776,CRITICAL
3.8970642807385683,4.164488000802014,2.5935526970269067,28,1.776791955329478,20.80510582195486,273,0.0,CRITICAL
-0.7630386884620257,0.806221903933469,-1.5871013374625176,30,1.2854702118592032,20.750207089846104,122,12.171987555912706,CRITICAL
7.13241799110856,8.036017290923564,6.294846250890009,17,1.5603755329814768,3.5252346813537585,78,26.189209398768938,CRITICAL
3.1763863605765206,4.699008630399389,2.247954346434078,20,3.4669722127652847,8.292797517717409,129,13.126791223631276,CRITICAL
-1.104695498112869,1.629757616927482,-2.099725173720607,5,3.515641858071302,1.2934680403830712,216,69.85064520013256,WARNING
0.60802985361435,3.023490877289544,-0.9087861880511388,1,0.9698949480941592,1.573697386278512,120,86.58045610677391,SAFE
-1.8256086490275834,-1.6130301535456937,-2.296208311113997,14,3.167179980195522,9.77916942962995,131,49.47086753523741,CRITICAL
3.5506643401880646,4.234010531938475,3.076427617335062,13,4.41448836326451,11.26597163633223,142,5.735297163649667,CRITICAL
5.179325302874345,5.827820789131282,3.960458202769791,5,2.2429863674989554,4.092138437421662,129,61.320211169018606,WARNING
3.6360588234698246,5.712690412003326,3.516755384201293,4,0.999991717431181,13.966028867344315,244,21.712013167168166,CRITICAL
0.0614560493761398,1.8723639979175153,-1.5176378806681148,20,4.787420639782223,27.167343013719204,147,5.864743323005448,CRITICAL
3.1418425823048697,6.128835594504627,1.958680839714666,26,2.5824331250508794,0.4351157091597657,249,0.0,CRITICAL
-0.5200749375895515,1.2183261525199442,-2.3037201938626968,18,4.758135595696894,27.41264162369835,32,19.177718533589246,CRITICAL
-1.734654827115297,0.46577407826610795,-2.7430874841428476,13,2.8900477683129955,14.378080176498706,80,49.5244136821691,CRITICAL
-0.556931044917188,-0.5196620704380529,-2.0205036127171447,30,1.4810291833967266,10.752170450044517,152,41.47640198461351,CRITICAL
-1.4556229703457582,-0.5411131636724662,-2.8622319461627654,27,3.06671358915262,17.509803330394654,262,6.637606424975022,CRITICAL
-1.1682565119475559,-0.6134192972274848,-2.911360111055126,20,2.5893310432699264,19.002069086141205,66,48.848792679118695,CRITICAL
2.1445038318443057,3.034273775481757,0.6387278099198492,22,4.757429720880505,16.27305319351614,136,2.876918441404788,CRITICAL
-1.5142457505857108,0.6930366048176664,-1.6238691010083386,30,4.595018513768452,10.91971566259367,56,31.109665437262876,CRITICAL
0.19354515367833658,1.2902585855976951,-0.15698965269497123,17,3.6719314664716016,16.822746256590737,134,28.38405807176617,CRITICAL
0.009578059850604781,1.9566932608729344,-1.4651820692904267,24,3.1105372340983988,28.77311193261525,137,4.5317349839968015,CRITICAL
2.5653154205726336,5.259114534815378,1.558183476270511,13,1.7471540029724684,1.9010754017860687,206,24.524106494056202,CRITICAL
1.0087005731470549,2.4191921225903283,-0.0551083847621161,26,2.8978495936656774,8.76793059378379,218,22.999038671948497,CRITICAL
3.672191933984596,6.494819594984721,3.5409367515342782,28,4.477905415448796,2.6192625046157225,230,0.0,CRITICAL
-0.2697638738934771,0.058330887882691695,-0.8216493463107211,22,1.1657931933811252,4.514942066742434,134,50.2068763935644,WARNING
1.7636571834693968,4.6723810000967365,0.6807872673325142,4,2.632572129816942,12.603899190692612,40,42.915167971630446,CRITICAL
-1.622302948443445,-0.9253187579135432,-3.51720037242041,20,2.0114481624410505,17.36113816711138,197,39.86148391614536,CRITICAL
1.9951320751099395,3.6405382120382064,1.0791178909913954,18,1.0937941338290917,23.680447855553403,117,27.89267705828007,CRITICAL
-0.6393083713542025,0.22513050745955,-2.330335789838278,4,2.089044029114538,13.67779611562502,115,76.18630229861525,WARNING
-1.0352607051218077,-0.48841917372873966,-1.385979394672739,22,3.617866710358859,19.990678979707646,108,23.61254713221679,CRITICAL
-1.2984959911785372,0.425079521732995,-2.1802732666872866,11,1.3302346238732272,16.874617272719973,47,66.65553281582473,WARNING
5.24214548393587,8.168542520605964,4.174859569193523,3,4.64195289173844,12.136869936675335,285,0.0,CRITICAL
3.6867343243080706,4.15489412666207,1.7464339976851229,17,4.890204662705515,9.938419382403183,181,9.739106736777533,CRITICAL
-0.2610369040248297,2.6810324326144936,-1.408492069811688,4,4.098092787292166,21.856313625025923,256,13.386844298925027,CRITICAL
-1.326106262282706,-1.205863521932714,-2.6821229361897476,3,1.8863699034719181,12.0488976577346,142,64.45972691158903,WARNING
6.206563263950859,7.956857588552312,5.762275549867615,29,3.951928043743016,5.871470203075255,72,0.0,CRITICAL
0.6727484916327913,0.9348793029032554,-0.35082655196239765,6,2.707094121202157,18.095156238618006,291,49.434021641019555,CRITICAL
3.4506817013069853,3.8945195164418926,1.743073561380187,11,2.237506782097669,0.36572373315327367,206,58.51355033428113,WARNING
3.86514176930082,4.12793766200946,2.4094350553888564,14,3.8368745443723142,12.46829326533202,256,0.0,CRITICAL
2.834036710619956,4.105533305956576,1.041179057505849,4,4.25980189548664,17.93807121055081,103,27.077837907018598,CRITICAL
0.8476787800363788,3.8075938220064693,0.7154472177027802,30,3.1580550104566902,11.27317229400164,33,31.09460638752624,CRITICAL
3.4864629778263954,5.153904512720802,2.0659689642797447,24,4.616924499095766,5.977726843805554,225,0.0,CRITICAL
0.9435137082144425,1.8494924065258576,-0.2269028004589031,15,3.0167647550206786,13.903555026170661,43,44.91219547409167,CRITICAL
-1.0758561821575308,0.8458094453721587,-2.348977844186278,3,3.442158374910135,26.78059576921665,243,28.793723068526873,CRITICAL
3.4407591829229816,3.526086937525294,1.9113224712954828,15,4.974498293309018,2.001744791617539,215,30.810657700932467,CRITICAL
1.393447537842475,3.27743568028621,0.44136611124793856,22,4.182263575778355,11.196066479204415,38,28.45280068066248,CRITICAL
4.598405557164697,7.233357350416995,4.327410769391424,5,0.7379974777029197,10.834903438280673,212,15.487149006862655,CRITICAL
-0.2500154139274813,-0.019535372262646566,-0.6376450833321434,20,1.3246137383662326,2.835259571394879,115,75.43712335248343,WARNING
3.2346588067506445,5.289560260600553,2.632514188843553,21,3.640853804331719,10.87568031903358,210,0.0,CRITICAL
-1.922614016967292,-0.8035714316508165,-2.8924120664767354,10,4.644083198894157,4.890874274615465,141,61.54554914708308,WARNING
7.485283663818807,9.325568742023666,5.822451300086719,16,4.307313873577344,21.376413826148095,88,0.0,CRITICAL
3.656160783894723,3.7082989816040053,2.959740959062441,22,2.1315585458693125,24.51116109831733,297,0.0,CRITICAL
0.052270777771196375,0.13854938944148654,-1.5768774390515006,7,1.0792151529764267,20.827327104440183,146,38.074283236663355,CRITICAL
-0.7409539611540032,0.5334612567258166,-2.267001336714253,3,0.8498088388489842,23.240769241211165,250,35.425169408049506,CRITICAL
-1.3530957088116093,0.18734186870071823,-1.4716261829540764,3,4.588381842811079,1.2984448819415328,184,76.67586423533204,WARNING
2.527301628731351,5.287595841172317,2.1164992556260183,28,1.4001099231207235,20.118019435897544,44,0.0,CRITICAL
3.07516913471511,5.921543949964955,2.379496051168304,5,4.348121369278839,23.42406408381926,153,5.049092290568006,CRITICAL
-1.5899777666134087,0.6997543322785715,-2.6476552474451225,22,1.3619638408659926,8.455703743943598,32,54.73579903880874,WARNING
5.520976359072954,7.644244631235529,4.788050307782131,18,1.3330660050995364,20.20577094504559,84,0.0,CRITICAL
0.12893406963204335,0.7717560710799667,-0.32617435550204865,3,3.926342509171049,9.428408173534736,268,58.10316161213276,WARNING
-1.1845257805668112,0.9296669650056197,-2.2987900262279592,1,0.8701157530882904,14.811383958694918,227,52.83611442572965,WARNING
1.602337050564934,4.530874192270018,0.7144253102339782,17,2.3327699922595317,29.54886984572537,249,0.0,CRITICAL
-1.5823450582584158,-0.15531466762890078,-2.9406072748180847,5,0.5575363002289453,20.22476736269482,83,58.96369758531886,WARNING
1.1359742578215117,1.493627789477946,0.3463513340804054,22,3.157507545494056,3.0516646969539254,116,47.64710411159024,CRITICAL
3.851244965154814,5.636127454985729,1.8699223278905472,3,1.547913374539398,12.741126207679619,285,22.78518332278855,CRITICAL
2.2809628441619347,3.099881215875907,0.7019773795743622,20,4.7445127651174355,10.68291920628241,237,24.875232017377975,CRITICAL
5.273173708768065,5.639743889065481,4.294490944934157,7,3.3276696334839873,4.03825142153878,80,54.37798355913553,WARNING
2.981874811719149,3.062121475678605,2.6236834350534233,19,3.556419629389804,4.582099535186424,79,59.601714437940515,WARNING
1.9664836265866343,3.443046166657304,1.0344399668708069,9,3.4794195498566753,14.70751080769183,163,37.424381147594424,CRITICAL
2.856889584347858,2.909900762258286,1.3289597712072494,13,4.46056551946123,3.5740232580072897,260,28.145591978197864,CRITICAL
0.25801937770349426,0.3565987660433677,-0.8553137232622889,27,4.007221112874899,26.541006871922136,114,4.914796086451494,CRITICAL
-1.1930705467257054,0.26929423337274305,-1.4118345324915085,21,2.7074917031105876,16.613516960749212,270,14.759110552240564,CRITICAL
3.1261088172932396,4.300263276160051,2.1367265563888513,12,3.2762285437002405,10.582913108126244,175,30.20482783477187,CRITICAL
7.184670759976286,8.231301123356154,5.70055649179307,0,3.9433730916011553,18.75459000645351,224,0.0,CRITICAL
0.07085816526169442,1.124665946670032,-1.2516218463836954,7,1.555799397948181,9.36298584771119,73,84.10389018714363,SAFE
-1.6069985835728071,-0.5942158123628987,-1.646422563964083,10,0.6681992975927309,19.733033596732135,246,45.68049404880105,CRITICAL
3.4084590712713876,5.496334500135,2.2324806040716383,10,2.199819170434705,11.709023711626536,80,53.08326568367769,WARNING
-1.3996599007756731,-0.3917575133191209,-2.405196945948382,24,3.503243997901137,4.998816538191111,183,40.6333430535665,CRITICAL
0.61594679363483,3.1579490760927906,-0.9583524237579897,26,4.326504341596761,6.422403146480521,165,10.475313611128946,CRITICAL
3.9773661601627186,4.655024091264911,2.4915901089105166,2,3.729680793723769,17.345797440722645,202,14.733649318461849,CRITICAL
1.3985697687202245,2.679887439581241,0.7039367945180126,2,3.4319156609984134,9.055410438322914,183,61.32910484548336,WARNING
5.011504778685599,6.886396406609055,4.105047568032171,24,2.964031199460505,26.42689705310836,294,0.0,CRITICAL
7.8105853730405865,10.03720940600223,6.875994746265323,29,3.3706686153802052,24.26800436103842,252,0.0,CRITICAL
4.00324013696144,5.39070019323084,3.522492241266579,23,3.583879865295331,9.008270243731587,252,0.0,CRITICAL
3.16111569837694,5.062898163437547,1.4691817325086103,8,4.206698170242463,19.381279608737895,161,11.868549034091254,CRITICAL
3.7498112392394245,3.8329237602378416,2.155721718856114,9,2.58871865409777,16.79475031598503,253,34.220191288510115,CRITICAL
4.3635598173897945,4.450985420177457,2.784220137261426,8,3.464018206880819,5.279556656843532,51,46.63786890525177,CRITICAL
7.297920014579053,7.549708637775791,6.0947205341351705,27,0.7861176360591273,28.652654306666594,216,0.0,CRITICAL
3.314316112859828,5.833747533817149,1.6288155783766314,7,1.0036956375046087,22.0344122127254,91,20.219575588719334,CRITICAL
2.973889496047187,5.768556371765575,2.470273379159095,28,0.9061195445906061,17.994639453800804,190,0.0,CRITICAL
1.5059573234872379,3.751080011243336,1.0340811651380206,13,1.481037733325739,3.2044203970926075,139,59.69923475940133,WARNING
0.6368524763752017,2.4052953095587304,-0.3438646839312216,11,3.6482797769397424,3.3888404033683095,246,51.74854124208826,WARNING
-0.5219198630758224,1.8308998911888072,-0.8117429237522482,15,3.72052053104957,24.64096098575847,40,28.453975883633284,CRITICAL
6.697248572939017,9.0940725366299,6.587903886510077,29,4.049612198190344,7.190274876277794,226,0.0,CRITICAL
3.750901670781529,6.187652567471905,3.50679413328975,27,1.5637185265080042,13.272083935544865,34,0.0,CRITICAL
0.3578534093875012,1.1244544794239755,0.17735275397002326,26,3.9050056789783536,8.922687070903141,112,46.15890801242335,CRITICAL
1.78811621593763,4.088338917764981,0.9755385840272255,1,1.733164365582173,2.4028367899055256,281,49.71091283388003,CRITICAL
0.47776791124778395,2.629925964967021,-1.2757545432307509,26,0.9517800488308359,4.810300402004016,163,40.063345139203015,CRITICAL
0.11113807950335097,2.551422224703478,-1.3644329617046829,14,3.6284454474082515,22.859263357244167,124,8.301563415184987,CRITICAL
5.003309249880735,6.888198069609844,4.375865644579812,2,0.9987268985077808,7.488106977127318,96,43.46960429802657,CRITICAL
2.114520270093509,3.072717657807222,1.1577893101787975,23,1.100794108011271,5.2043707715273335,197,32.995286679401794,CRITICAL
-0.8080176822364804,-0.2623499208176422,-2.560797708095956,30,4.256055731173876,17.111716842164203,40,24.481092171592273,CRITICAL
3.5386741113005566,5.418556183854502,1.7249845502765977,14,1.3921979120226515,21.037834626100405,116,0.4978296459492224,CRITICAL
1.7080242974565936,2.1557779002234634,-0.20804143072977754,5,4.762595788036235,3.520515564258747,299,54.351587353151984,WARNING
3.5199342934020548,5.540764421613188,3.282909595375816,22,1.414154137353962,28.38156980170385,166,0.0,CRITICAL
7.281688638277573,9.081936997769247,5.29127373833099,9,3.770186301673568,5.6808950942004435,122,11.08524101916429,CRITICAL
-1.1243428873074153,-0.3389444956250822,-2.3597033674218855,29,1.6174308185530437,17.487092320084663,264,10.857386738830822,CRITICAL
0.8132896482887082,3.7364871790878484,0.018180217039023505,6,3.7100117707679385,21.253594999750913,161,17.730556182211593,CRITICAL
7.655323037312979,9.068120307467034,6.94671967015213,19,4.726948730785861,29.016295329238883,53,0.0,CRITICAL
1.0272519865479115,3.959823607668561,-0.3152720557440458,4,4.856260147057598,16.786811658991496,121,37.60291652156908,CRITICAL
1.0224803310412085,3.6561705869532632,0.7586412636767546,10,3.6961500859775174,12.987889753683445,163,33.16842056164664,CRITICAL
7.358397795758079,9.862809909208561,5.862751060319491,29,2.4353870844331738,27.083780290991747,164,0.0,CRITICAL
2.5693835136316814,3.508414461222495,0.7840398939723796,10,3.8159115722443366,14.738243392931388,107,47.55674708284688,CRITICAL
3.5371168251672156,4.857085616172727,3.1592769149487863,1,1.534372455061495,1.0758674450771932,163,56.635549568084095,WARNING
7.475876090198991,8.960608420956184,6.592836714707251,22,3.023845342423005,13.73279113165778,87,0.0,CRITICAL
3.467889391024921,6.072408719889952,3.106579462802121,5,3.8747149317660923,24.677152694640654,138,0.0,CRITICAL
3.829764127915757,5.542127561319328,2.996926145135819,2,1.6077084612633317,14.943323286676819,78,48.87367698018683,CRITICAL
-1.8442269883626146,0.19769123995050975,-2.63256659389607,18,4.681167992059062,3.1820976369777023,195,46.53775468683798,CRITICAL
-1.5136205795303062,0.46499738991978967,-2.421731609816212,30,1.7119329621934825,19.740189091668732,198,29.697705138016268,CRITICAL
1.9370365421041034,2.9117829470071515,0.47394610743632093,23,4.580952650370541,23.911003895660883,96,0.0,CRITICAL
-1.7079065083760936,-0.7383939683155072,-1.8189765563476996,2,2.9622029981281672,18.068745817554948,77,73.98858496957749,WARNING
-0.9319351953232236,1.6646113368662632,-1.1103118106763314,27,1.4370023327561696,11.655087049192014,236,27.84935888999462,CRITICAL
2.5153513977422914,2.877157350050171,1.5336612025230665,13,3.81150177962027,27.65099428074836,97,15.590442587846539,CRITICAL
-1.4233310148692337,-0.8237172330827541,-2.314215844709492,12,2.6439785898339543,16.891712308006152,246,40.902223494387464,CRITICAL
0.535218096270905,1.094285593690603,-0.7261544166957441,2,0.6819714032861334,10.252345421896528,267,71.76440032007025,WARNING
1.885663703958833,4.6776665419592405,0.8311062817148867,20,2.861050027443956,8.721090734351984,253,10.791831307650186,CRITICAL
2.8092681532030417,5.761826852329354,1.4406402786065708,9,4.2869207942406895,15.692761710524216,181,10.68535685894849,CRITICAL
1.3059659783482185,2.846209531889048,0.28466281003779215,13,0.9251796311956211,19.825657618115095,159,28.55457635632606,CRITICAL
1.5134073085383872,1.5622133898170576,0.03237497186258964,14,1.3079848813846475,5.466244036609638,231,40.4525871636935,CRITICAL
0.49750936970511095,1.4393484370571161,-0.9506799999584574,24,3.5161693992075733,18.71431182499991,165,15.413343799614879,CRITICAL
3.508671561092651,4.141876673574231,3.3522305021733807,19,1.6669295275380538,20.2022628723824,252,0.0,CRITICAL
3.858676756016946,5.290036377754017,2.4750642960430804,27,3.4597269210675146,22.32740490180718,279,0.0,CRITICAL
2.878794877555454,4.950781754143094,0.9525116567533058,21,2.2774875694579126,9.079699759401782,94,16.351139471968704,CRITICAL
-0.8551875004807492,1.2329098253178299,-1.2316297072660112,0,1.4415326615052473,19.458696651120672,153,64.35788473800493,WARNING
1.756354906776071,2.3290982649282865,1.154519167614682,14,1.1667454103600299,12.656376739252392,89,36.66105493176098,CRITICAL
-1.0854665604778602,1.8061340517388842,-2.0284449577820935,27,2.522823252778636,7.278889462650957,180,40.694304617453426,CRITICAL
3.0393714048960625,4.930601045908079,1.6131857756506034,13,4.318773174514357,22.112349401115164,178,0.0,CRITICAL
0.398082233344061,2.571924788885501,-1.472479674523548,28,4.175101566347136,14.637044869044223,61,10.283088089452658,CRITICAL
0.53202728523627,0.7225589920726917,-1.253727107034478,13,4.501132675483978,3.5082222137128105,207,39.483253933304134,CRITICAL
6.631045676477301,8.038766987566266,5.754824299341442,16,1.4886605526839507,27.272104625025555,203,0.0,CRITICAL
3.1207227487474887,4.526124592485118,1.3543759619296694,23,3.701233336751688,28.79410104830438,214,0.0,CRITICAL
2.7985303537968527,4.664057489091721,2.233615923257579,23,0.8878635391723662,14.486692949182515,118,1.994842228018797,CRITICAL
5.079921809697698,8.061223515841727,4.472618022902575,6,3.005737298814371,29.977836687445027,213,0.0,CRITICAL
7.139743442068311,9.823115854022987,7.075803426531532,2,2.019806395752669,3.419078801027593,146,36.20688032820682,CRITICAL
-0.6554261675611754,0.36554647440350885,-1.3659081207257215,1,3.965427018327351,16.71067050117803,107,70.5340814806622,WARNING
3.2421740523898945,3.55460012116685,3.141329968266639,30,2.470220179076798,13.71406919419328,86,29.74659756614952,CRITICAL
2.6899143730359913,5.26507660378207,2.4861782939450054,17,0.6888624674296064,3.1623325125231503,90,48.708694741531176,CRITICAL
4.460614938593036,5.78516866882675,3.4488217051627847,23,4.4172172058137065,4.628871972954192,216,0.0,CRITICAL
-1.1733652149297242,0.14396016781636112,-2.0048648923675554,24,0.5296440840059687,25.04440109636155,272,0.0,CRITICAL
4.862181787013998,7.126717424549344,4.140894974150642,21,1.6045307605136219,22.59618775997471,245,0.0,CRITICAL
-1.1720340042515691,1.582026168991178,-2.968164519271955,30,4.335757157375655,23.838220391168885,215,0.0,CRITICAL
0.6554721360914844,2.808349343331504,-0.37922526161208636,2,0.8815019653913849,9.44413715637867,114,79.34072278897973,WARNING
7.6125943080136835,8.06545060809599,6.463479787794569,20,4.910211836622378,23.972122965833908,296,0.0,CRITICAL
0.5158317864836519,2.6182029699746376,-1.23126094189755,23,3.842138759133432,27.276925596033934,34,5.27003555594241,CRITICAL
3.4012511310484284,3.8418365662368794,2.5933749845204668,20,1.4231010712244279,16.332758730134294,256,21.974709655735687,CRITICAL
3.32604937904318,4.53956649599364,2.9314578705209278,9,0.8792641547796559,16.123004779478816,229,17.250986823356193,CRITICAL
7.959619847714537,8.811403426119348,7.773980712001085,17,1.9051358613819729,10.22126639419339,111,10.234217422298432,CRITICAL
3.34191603049332,4.117986571070637,1.6774580570405468,9,3.769291608798179,29.608641007231455,86,14.319861654933224,CRITICAL
3.049500645979294,4.571998777250149,2.8018746088624558,24,3.429330887168971,3.742494161889749,182,12.724352802102171,CRITICAL
-1.9687196111762304,-1.2604276304316102,-3.460235754095891,18,3.0451875196092724,26.83016693686085,149,15.50337135040772,CRITICAL
-0.2927870303278106,1.8517763742791962,-1.637654634404248,22,2.199495761383324,22.125369663752615,83,18.2784696308115,CRITICAL
1.4942142751465104,2.5780168735851365,1.2982386116849258,22,2.415614595472584,12.361588570910802,77,20.6219367254441,CRITICAL
3.3310557810990504,4.669548042227312,2.5924673484767604,16,2.3123916845550947,16.769053530457242,232,3.72014792738063,CRITICAL
1.5058226659369751,4.495357992598441,0.12778694280156944,30,2.702934800034212,29.198174495307136,113,0.0,CRITICAL
-1.2372561327473344,-0.8491005687960851,-2.6463055023385924,27,2.8811349796597785,20.834121155584427,263,0.0,CRITICAL
2.478977836229191,3.5869740151325624,0.5753343306743057,19,4.335430091908495,3.3100848915129344,219,30.71764754426409,CRITICAL
4.857336770926587,7.830397074282185,4.250816605513247,15,0.6259000343115375,4.286081748188986,245,0.48651046580229984,CRITICAL
3.365517570309219,4.012261937411242,1.7272674318526908,15,0.5093858916347885,16.42611898824176,64,23.70426535939295,CRITICAL
0.5054509258796163,2.202742854089899,-1.2951236500485837,25,2.1978753368446524,25.033799645312165,97,12.619512314984373,CRITICAL
1.028583167633128,2.378371341678678,0.13043368995783045,27,3.7753887024780606,2.679449424105499,239,20.872351216735115,CRITICAL
3.4014665065138248,3.538925649573067,2.0605788275025523,14,3.8116075750305347,19.377495889782136,114,34.07208626157076,CRITICAL
1.431968761836404,3.5541653089761693,0.30988005168986255,3,3.3976138533434845,2.554560942745222,57,86.57292806880507,SAFE
1.1305227364329635,2.638439139924705,1.0931945956931177,21,4.712818144957478,5.392302042777112,39,22.74962527951278,CRITICAL
-0.7651700118800988,1.7515823106071917,-1.9242755131180496,2,4.1311446085642824,18.205644634462406,235,40.888930264486646,CRITICAL
0.9488382426786868,1.9687079078174994,0.5878222312180186,0,4.368417846974417,9.521473060997796,161,60.91025085111295,WARNING
3.878716681867851,4.73477185538489,3.513378829396462,24,0.9033285356612737,9.20382655087815,238,1.7860856778316982,CRITICAL
-1.6465175920214319,-1.1021440716954616,-3.073118838892513,9,2.25472870055101,9.601243915213765,241,63.93011021049453,WARNING
-0.4523942600706301,2.2461102501748327,-0.5561504971387983,7,3.8846018253752645,17.580872305443386,282,27.086212735801187,CRITICAL
1.0265275114051402,1.8343900925829106,0.38985462025288453,17,2.331844086159482,14.525145298743196,238,31.33541295183751,CRITICAL
5.770376315842371,7.528894408365083,5.567357482945481,24,2.996183525264107,23.556425599509033,185,0.0,CRITICAL
0.6758935340005912,2.1771906548278093,-0.8898696410087714,4,2.179873492061934,29.55926146392263,155,40.37535629813467,CRITICAL
0.5425147396930496,1.897740743260747,0.5405126224668706,14,4.825014991552926,18.621897538583603,115,30.005429317070174,CRITICAL
3.6010408962582368,5.394644150760256,1.9220654530142893,12,4.996588409553324,25.27316018168783,138,0.0,CRITICAL
6.695914727974284,8.385159461798162,6.094638030909122,12,3.642931893865737,24.914943234544303,173,0.0,CRITICAL
-0.7348989422420276,1.6712707178114623,-2.5027621664220847,30,2.0418586534132395,7.840816001513675,261,27.730131391132495,CRITICAL
1.9736621670285737,2.6055338477904324,0.05567680820155396,10,0.5714357727250607,20.755351811735125,31,41.08786750409968,CRITICAL
3.867680103077107,5.535052066680935,2.4747002173901778,15,3.9310935867395984,16.14394361104416,69,12.386493282835744,CRITICAL
3.3554331585206327,4.690963469514555,3.10860197459544,26,2.193694019493466,18.03932622625658,228,0.0,CRITICAL
2.60779506617202,2.6330891940408185,1.6824100027252507,29,1.3684588596269445,0.28089908246414774,40,52.58420998462547,WARNING
2.083326112690509,2.6578611418477562,0.45076446459819874,20,1.8643033961792677,21.5342858928027,149,19.801191202834893,CRITICAL
5.464189376849964,7.5763324770587825,4.25213544893537,0,1.3823905730931898,24.63370411957117,232,0.0,CRITICAL
-0.3359146757825213,0.17551661334908697,-0.7234551899512369,23,3.045681715196296,20.471508041688622,119,7.653606250000341,CRITICAL
4.298122403530903,6.007832275586232,3.842192053093097,16,3.7800448985408033,8.229839174118238,41,11.91951353623053,CRITICAL
2.157914892333796,2.9166781090829357,1.0376829378321981,14,0.5087973417379457,12.81343429706237,56,43.53859811564977,CRITICAL
-0.0620044127457664,1.158623273800282,-0.3054398057241585,16,2.5996402742720113,10.84415529308995,52,68.83802441665681,WARNING
-0.6527107635007212,0.6074754437731111,-1.5504337575338487,0,2.263364980934088,10.041174459861717,42,94.90264644752772,SAFE
-0.6462319801109013,2.2270950681857373,-2.4802224236085615,6,1.2401670886688743,9.324175729493225,79,65.2787275224899,WARNING
6.986104526605349,9.791286931443162,5.305089359213907,7,0.9852829399041408,7.1507763770526624,204,13.325175125482145,CRITICAL
2.9298027753944,3.6400337728274863,2.7839811030777675,19,3.288049500237276,22.922957113907653,258,0.0,CRITICAL
3.166718377820966,4.106556680479846,1.4713340885955715,2,4.0219080788933566,1.8600670067479719,256,30.547888301422525,CRITICAL
1.6644318383716885,1.9699145837858665,1.5528519201174018,1,1.8271254660537979,11.443664521355121,79,91.17301976322855,SAFE
0.4666480228205909,2.829072448446184,-0.7813682900558503,14,2.227640111662007,23.85494033130386,81,23.396164748886335,CRITICAL
3.6255091134805717,4.987739403592759,2.9691217756199078,6,0.9860296544589359,0.368657468671002,64,60.92886498491588,WARNING
3.044676774454766,3.4226216530336315,2.0268807608568293,11,2.394531515734619,21.73869109619801,257,16.85923406803254,CRITICAL
3.6384037551159727,5.391970640911747,2.6121522757325435,20,3.8946813576657053,9.33564720682783,104,23.474090626055283,CRITICAL
-0.14795351311581673,0.9585364724009486,-0.16411719780701617,18,3.4595456276264165,4.338011530932258,151,57.0710786744344,WARNING
3.0110495787613054,4.277233000011353,2.6202353194629993,6,3.3824965662378887,6.037837069913106,65,40.41551923672524,CRITICAL
2.0071608338829154,4.952930601362567,0.8076362272316415,10,4.3340390704784415,16.982907272070246,201,1.1610313728177237,CRITICAL
5.2715104697684,7.639084630550119,5.187126170014337,7,4.639791164671159,19.163011511346344,147,0.0,CRITICAL
-0.7211689544162585,1.5838762767007863,-2.350474292255312,25,3.830366244104528,6.159490808914429,124,35.260843231519914,CRITICAL
4.789433323965132,6.4535081423495395,4.504629377789315,14,1.3748155000880775,17.570591772953144,214,0.0,CRITICAL
3.8707330457473184,6.5268797344023115,2.4330596979421086,10,4.313903827184977,7.3789278071838815,130,0.21492028058152002,CRITICAL
3.057288524290409,3.120269805677747,1.7023837662953472,12,3.4469113874686013,26.55034574366413,203,16.361141041683954,CRITICAL
7.047438851458961,9.030164997099568,5.165115340112878,25,4.989627113971241,26.449913852002783,63,0.0,CRITICAL
3.948205634641695,5.545869768358715,2.559497842266379,10,3.1979712317357265,29.309446208806992,155,6.210135940178869,CRITICAL
2.5784942485106583,5.141800547410346,1.9901287564411192,4,1.9745627203007965,1.5977692520899611,173,63.72851491916616,WARNING
3.109015830230838,5.766518693540906,2.6905406832323946,2,4.030993503466269,23.729916586764645,63,11.674335413322881,CRITICAL
0.32869506260639536,2.58210387107226,-0.41983712084090263,16,2.5892027490250267,9.654693986286267,221,35.25475671101434,CRITICAL
0.8997823319874643,2.321056798837375,-0.2625910379588079,20,4.6453335065976535,17.519478645116966,48,22.071995975041858,CRITICAL
3.369307750597618,4.0724615261383565,2.932120297893918,13,4.49919018296058,17.141111602755483,221,0.0,CRITICAL
-1.491446503952281,-0.6063024540282955,-2.5290879450527433,7,3.1278300112869077,13.9575933319916,202,36.26102343582743,CRITICAL
0.805305932425215,3.218819328305595,0.1712650809362155,12,0.6112318844202591,13.250654839081406,165,46.45354852645758,CRITICAL
7.213016945934479,8.751389914369437,5.925708147529562,25,1.7439122808704273,6.832247770967133,90,0.0,CRITICAL
3.9832316143478197,4.970955492001828,3.3778004488729976,26,3.9581728434259214,25.363447056963565,127,0.0,CRITICAL
3.9879742326378125,6.245124302623768,2.508332220769967,29,1.6751094984889208,23.102282725157025,174,0.0,CRITICAL
2.69876952455233,3.9160449761646827,1.538861963640465,20,0.5535082416535759,19.62273102536357,106,43.65466120820532,CRITICAL
-0.6345290440204905,-0.0049039812023004,-1.1019754236198434,18,4.0368859170881555,22.728638977275413,266,0.0,CRITICAL
-1.4847448626276183,-0.1983659402367315,-3.3686044180202,13,1.443131390765783,13.499158066424158,45,48.74700167320298,CRITICAL
7.716770005889425,7.745813468012407,6.095967235947617,26,2.09598099462092,6.7647192073942675,247,0.0,CRITICAL
0.42021230293102096,2.03302432206244,-0.23194672611997125,0,3.054098423824535,0.9662698035264439,101,78.53691239485467,WARNING
3.715825274329962,5.605343195520204,2.5098197023424493,19,3.0824543044064296,11.726576681473578,225,4.042046185485472,CRITICAL
0.3438168792594629,0.9088329136862486,0.12654016706774174,18,4.8287216576331025,19.17009917529161,185,20.932415066020464,CRITICAL
-1.3741209354302797,-1.2779434730951666,-2.752170034925749,15,0.6207732732602542,5.9699620461816405,227,42.83817620619329,CRITICAL
-0.6017634440464292,-0.3918251461489187,-0.7166698052784157,16,0.5497119000048614,9.803162111276539,240,43.911052730458636,CRITICAL
5.092066015237984,7.321494278293435,4.314080219574736,28,4.3956477226999295,3.897968501698017,135,0.0,CRITICAL
2.9073766191156922,3.383720368662163,1.7571938513198575,9,3.143713790277971,15.074250634783215,264,24.754409775264765,CRITICAL
3.319850214741477,4.517560958396337,1.7047185497673816,16,1.9800115830925211,17.07687218768285,281,0.0,CRITICAL
1.4567965137549388,2.3205318687364906,-0.30519163312973885,14,2.0605182807998688,25.279184217374308,182,13.910903678314947,CRITICAL
2.9405776326351507,4.185735908205159,2.581421412974442,19,3.7995977881874494,13.734844561963897,123,3.9852203554373427,CRITICAL
-1.4267949733040644,-1.2958015793532611,-3.197878609446968,5,1.731993246611217,18.842496098072274,179,66.6665694055182,WARNING
-1.5995368198434716,1.1071673396231867,-3.4170097619199096,13,4.965753748479289,16.584716838873316,218,10.765336361184481,CRITICAL
-1.368652634126179,-0.39061322617041194,-2.2705246009179145,8,1.4331744296646902,1.3390549560265586,43,85.73195492020746,SAFE
2.166914284629616,3.3103809884541144,0.6749994103241619,27,1.3748161292451206,1.1332397931972205,158,36.146827169440655,CRITICAL
3.502821853897597,5.748849937406332,2.533303379238914,2,0.871468834340039,19.710678139841615,254,21.40255760183839,CRITICAL
2.9225601380679844,3.4343274249906743,2.8864278827672756,3,1.2975647175584055,3.724541485604754,230,66.68453373592982,WARNING
4.366261324044186,5.6882352966200065,4.01038086663289,22,0.6550018043599621,20.251323923237354,140,0.0,CRITICAL
-1.713463865078935,-0.14484047187832494,-3.0385437489585136,21,4.536544460524393,11.71855167083741,187,24.43986684474463,CRITICAL
4.886977656450653,5.492191811070091,4.387578093158318,29,1.5734314538533656,2.741592902549751,245,5.279441698587732,CRITICAL
-1.9126402137972431,0.1272383632477232,-2.038983184236556,30,4.470287259181696,23.90772495464647,115,7.2401149695401825,CRITICAL
-1.7359249256992337,0.7109480833672317,-2.3812840776892616,20,1.3529639118241525,6.213579461200691,232,49.38923227994742,CRITICAL
4.782881629592472,5.303746302886477,3.978602650082511,10,0.5539162028680736,6.383038191223723,142,35.66016284063173,CRITICAL
2.890509349634838,3.9974492326569737,2.7558468125747555,6,2.3499357615180614,23.02635392521376,285,24.831024929171374,CRITICAL
-1.3891184607506795,1.582475401772993,-3.090048528188642,5,1.6337306895528445,2.842337027162418,196,94.814158948576,SAFE
2.1778921956672717,5.094992754203169,0.790450707566215,10,1.2889897067777105,22.851488489799284,192,14.78021531191127,CRITICAL
3.0882439914544415,5.8245537563992835,2.190420860632686,16,3.3826637963813737,6.972764321435997,36,24.326059044987957,CRITICAL
1.698092047524796,2.624637933543586,0.222265479688722,24,1.595955787516743,2.381689189357238,100,48.745236284935956,CRITICAL
4.021926650480885,4.135646797153252,2.1751083713738444,19,4.948481200310917,13.311786071789776,198,0.0,CRITICAL
-0.09476803346267082,0.024054396333030525,-1.6783275760227638,13,3.4162089128583477,8.653653133783694,42,54.29010022036246,WARNING
2.3972387759955343,3.014691081684506,2.2890908135053323,29,3.492527085898021,7.450141489830271,143,23.080631976776253,CRITICAL
0.288915523356434,1.61599819375708,0.2768302038281989,27,2.712390302232892,28.609835697516523,56,21.343669592739086,CRITICAL
3.458796962115013,5.236688915751282,1.7963552048646878,29,1.4196799923732546,15.222736465520674,248,0.0,CRITICAL
-0.1312221811342773,0.6035526935532924,-0.48409319092891834,7,1.863953182727754,17.292654912532385,133,52.718607847573274,WARNING
7.86277600227229,9.057509421788618,7.527243926051875,14,2.40213765780491,18.281826615690015,251,0.0,CRITICAL
2.9176228472780066,2.9770560786748894,2.1547842239420896,27,0.8745478497062802,27.193711084469967,183,0.9518336159883205,CRITICAL
-1.0832077464676444,-0.31133258001161035,-2.01051021586792,14,1.7745158649098944,16.864263029253188,276,25.71939649680511,CRITICAL
-1.1800619044215965,-0.7158885371865634,-1.5593135335980426,0,4.377448072680451,21.9110592585829,221,24.91453717682922,CRITICAL
3.5541464276233388,6.465624337803594,2.807856632224069,15,1.8851487143689336,29.625661877164767,66,0.0,CRITICAL
-1.767038613894323,-0.6125605795441318,-2.8982557979962977,6,3.933278850937938,28.712906298471633,208,22.09608363428179,CRITICAL
0.9317310587307697,3.0210972948595307,-0.3700816106854963,29,2.408181520629592,7.403754348088695,274,15.345075720658045,CRITICAL
2.8787584615385953,4.90803525785546,1.4838156166459202,20,1.1654792664646219,18.163069066883047,105,17.542880344943313,CRITICAL
1.6128959616277418,4.137443661349512,1.5882211866720723,24,0.915376129744859,21.348284017342966,226,0.0,CRITICAL
1.5169625717764603,3.0725737033391063,1.1393160677914405,13,1.2462062331577615,12.806144189731306,184,30.006468219137446,CRITICAL
1.1992078717866264,2.957447185179985,-0.2686590021275108,24,4.443802115764042,21.82956238152488,75,0.0,CRITICAL
1.4356701721261937,3.8783542371413637,0.8976274964413533,6,4.68507589673479,11.939106590824348,187,40.06420306764733,CRITICAL
-0.9896078489844784,-0.6989958650778184,-2.5370951182715387,13,2.8623289493902804,19.635635753350016,250,26.706342561274862,CRITICAL
0.2479083323359501,0.8419699190394127,-0.11606033062061161,30,0.9960721248982363,17.012764024966312,138,21.8563804180131,CRITICAL
6.795823424752236,7.5738791742046585,4.991276846946724,13,2.4832870239076628,27.389142131303576,85,0.0,CRITICAL
-1.0032432043637425,0.12994240859824058,-1.5567676100855028,10,0.6334999325529393,7.0434038664170595,278,61.728045922557534,WARNING
6.7589934824114195,6.780673457473781,5.594102585298228,1,0.935788329316732,15.670036328983278,33,23.756658032758896,CRITICAL
1.1204447293384447,1.917952125651882,0.14859241973547221,24,2.016634857056081,12.883608639959288,219,16.818599990766657,CRITICAL
0.05846470591925623,0.7772557945522953,-0.6639565477779943,12,2.20296064204455,1.7172463183041775,212,73.73077432291622,WARNING
7.352707553591887,8.558132623636736,5.681865235534312,29,1.1248836227920793,18.057275292924313,173,0.0,CRITICAL
5.259590388028014,7.318145074459812,3.5198842521113134,16,2.3590696675406977,5.6380480534871875,194,0.16630304111371075,CRITICAL
7.037789059274384,8.014364657646816,6.14917674073538,19,2.6804126486237596,22.176139044596034,71,0.0,CRITICAL
3.6345085173018337,5.062874269109332,2.317830502053356,22,4.573412429184099,22.028332289649217,180,0.0,CRITICAL
2.2716518406493114,4.900353860666204,0.7019279535514371,22,2.770864770880758,3.8358406345378704,74,28.01348304989592,CRITICAL
2.0383729635017245,4.662730294303875,1.7022672607378009,14,4.7977304981690185,14.465056358868354,153,0.0,CRITICAL
-0.9774019232428444,1.1223250835225764,-1.188341277467249,22,0.6314980180640424,27.870104297019694,197,14.026485188565388,CRITICAL
4.288142713380331,5.717049667121283,2.4931209459041117,3,3.4946436555005898,27.682085603746017,281,0.0,CRITICAL
2.150707289552738,4.946047154998205,0.6180325161599489,19,0.791001628323938,10.296773398744385,225,16.539196494378313,CRITICAL
2.710491294945774,4.021378053700492,2.2437564054451733,8,1.0206048437162805,2.6304102192929046,75,58.402378539784344,WARNING
7.710038383160018,9.428555411724316,7.455203450276483,10,4.7933087848937355,17.30750525077832,30,0.0,CRITICAL
4.940727642917986,6.211823127107146,3.398165838190911,25,3.5568597667117654,23.896959079721725,296,0.0,CRITICAL
3.0459426096935918,5.603028685400433,2.4140901595507795,26,4.743004589048818,25.116499636822393,285,0.0,CRITICAL
-1.1154478519499866,1.125731942093704,-2.813702791882985,26,3.663350642878915,17.966409248144778,188,17.023779942865303,CRITICAL
2.1315999831317667,4.674607775064937,0.9836560769693448,20,4.229092869689112,14.850765755361714,222,0.0,CRITICAL
6.583831534185002,9.128041381024119,4.714965719224721,7,3.6518333614674585,1.5769891269112768,121,25.567787966691306,CRITICAL
2.3643727775726253,4.809409263198063,0.5396200318173368,5,4.959784467496322,16.438287286226206,202,9.224374717317422,CRITICAL
0.8405297096214124,2.014617853724025,0.6968832678064469,23,1.7736794149178141,20.891289470284534,129,2.0110867065379177,CRITICAL
4.61709292800227,6.99092532323661,2.8853820648132915,1,4.324143742811601,21.287625947015137,264,0.0,CRITICAL
1.4629444541436856,2.9102696083382544,-0.33149171966523006,6,1.4816141286463511,22.45147552989164,34,38.62225776359122,CRITICAL
6.927496261465705,9.502788539120832,6.174384676230137,13,3.557503694947588,5.046687556650937,58,2.9604773190307503,CRITICAL
3.2623605771864517,6.203190856673119,1.9621649675798607,18,2.452196477828706,4.457049658962907,236,2.4500100339943787,CRITICAL
-1.2871847492074038,-0.3791159204461817,-2.4794957076309494,5,3.437586351136871,11.261149222221182,75,84.77730811116649,SAFE
3.18937473676481,4.015022857533182,1.8829837889889949,11,0.5522108788788445,3.4988290256195476,92,59.89218440960417,WARNING
2.0127532590245503,2.0818335429684973,0.8667894413782058,18,2.6577426473182557,20.81177556783541,78,27.943437143629716,CRITICAL
-0.9134204365032967,1.0203695104417962,-1.780733393825348,18,1.06356396859501,9.756869240887081,124,54.053305150037104,WARNING
2.204451457548725,4.656839987097149,0.6375023461437657,16,2.69853468081126,15.567033477979287,93,22.535082157923892,CRITICAL
-0.7552173749053017,-0.40323917317331814,-2.4792242601820753,22,1.3097190039154736,16.641653056569293,190,21.230453032191335,CRITICAL
3.806051309698109,5.493539938400581,2.1031510973942806,1,0.8807464756792631,3.741513603809843,182,58.63559640692742,WARNING
1.266562901657962,4.102248355776796,1.266391773022301,9,0.7077481840399333,28.37383781063029,180,11.591575781561613,CRITICAL
0.6695217254693082,2.754826208784717,-0.37581079440143705,11,3.2277746008481283,15.317710386925823,80,48.626169966143614,CRITICAL
3.7083366550396835,6.276592172655683,3.2779107733346535,4,3.209649741532786,6.4811990242711754,213,9.773957187570044,CRITICAL
2.3746264259060954,4.024172257622917,1.8532775414758313,20,4.566469700894782,12.001781267538906,72,9.447404835684551,CRITICAL
2.059154022872896,2.4888858732564234,1.6516282291035655,20,3.7970370442591497,29.86077807093855,128,9.144449678968062,CRITICAL
1.3818529393070058,2.916135272076296,1.0537667952815837,26,1.1907113449545315,29.773469743382346,252,0.0,CRITICAL
4.350626167827144,5.945036664255532,2.982667673575643,13,0.7968171163060425,19.20532466969806,215,4.092453892046015,CRITICAL
6.990486831432785,7.81142719208015,6.794593120921518,7,2.2038455812858255,3.1500818839818843,93,36.75731372285453,CRITICAL
2.369964489736196,4.833994237135842,1.39072728948288,16,2.0700509522262953,17.164742245986687,174,10.515422319699374,CRITICAL
1.6448016658007862,2.1570439156024603,-0.24821894548348333,12,1.313026179025158,24.182549880734932,236,19.76861868741439,CRITICAL
5.567827094838867,6.034300942263022,5.315090375250376,12,3.0540234879359653,8.021097120537895,219,4.0750241560882445,CRITICAL
-0.5053302342497459,1.6150300535757178,-0.871539285843288,11,4.093110044367583,15.066877369616847,171,44.52616322247424,CRITICAL
1.123567980900869,3.8950038484642784,0.6660397726274072,20,4.360646634483637,28.42363945521299,238,0.0,CRITICAL
3.071473647213306,3.3015532846056113,2.5914001662366806,2,1.2430090650090957,1.722345669102322,176,80.54159774851718,SAFE
0.9571031991398442,3.843602193111714,0.10913595181714997,16,4.695986384813399,4.092851462883339,284,30.150114870453017,CRITICAL
3.9877265547263994,6.081372413297889,3.1767836513582206,19,1.3558280177339075,24.941922592949254,33,0.0,CRITICAL
2.215550282641864,2.948229023729374,0.7375839790970133,30,4.64206530306589,29.975037548020158,300,0.0,CRITICAL
-1.7458641108554511,-1.2402670929744266,-3.6062348344893747,24,2.8558238712481687,6.752057338091923,68,48.670509371117426,CRITICAL
-1.200087196513214,-1.0473675031194563,-2.1911029195493654,5,2.1797766451819074,3.397005275925679,157,93.31726406061051,SAFE
3.104662303615237,3.9748565219045973,2.138412937606821,8,1.4587967508290285,22.140771664196947,231,17.174631947506693,CRITICAL
-0.17108120341111754,1.757839702973075,-1.8225359783484172,1,4.7093647314887965,26.77481724718556,279,20.57496729163409,CRITICAL
-1.964653375050564,-1.069601425864848,-2.1789814853454184,11,4.505883244804674,5.584731191858965,211,40.08863732973768,CRITICAL
5.645482812610216,8.341012686734832,4.824044706850556,29,2.693354696267076,4.668912016476899,158,0.0,CRITICAL
0.3721529561717567,1.6571773657384283,0.007788875497892533,25,1.7126675359094696,29.68107739953072,254,0.0,CRITICAL
0.12242666246404132,1.2001369009410983,-1.6186014781586255,6,0.9979953941185159,8.546992921886513,98,78.94546005286692,WARNING
2.4635439216142974,2.9444814248822295,2.065560073334943,15,4.818644840222545,29.487861081764017,90,9.210953227361129,CRITICAL
1.3007420373961742,3.4437049132265707,0.6509666403474341,24,4.01151873519979,11.996280737636665,229,1.314176701734422,CRITICAL
3.7460715669935754,4.124442302539225,3.057830465192166,0,3.953232281505834,7.095148053476176,205,31.296650512251148,CRITICAL
5.400965068096914,6.247635177561051,5.235735274296502,13,1.6148628464285968,4.5748717477728205,291,1.8686023540397567,CRITICAL
4.317653655791918,6.420520951698335,2.9849927598988,13,1.3928560661712117,21.19382696957519,82,0.0,CRITICAL
7.96275834198564,9.73634693891617,6.693803958422746,7,1.042075351590895,12.0384948041364,170,9.90398795844446,CRITICAL
3.5745899891648794,5.42399206367273,3.392719128344614,1,2.2115869211616914,15.749135458420055,148,32.21775236250295,CRITICAL
5.135364139224334,5.290330604703991,4.915254240340543,11,1.7625017333291049,10.530735413339494,244,27.46968636809594,CRITICAL
3.002679640506604,4.983971912375966,2.359400427614883,9,2.6242617388123053,27.254459248450804,81,19.30907526499331,CRITICAL
-0.4864217215033688,0.5164247200119434,-0.7094789482936661,21,0.5614771252373367,16.553046801044857,96,33.31211733524268,CRITICAL
2.447752616258051,4.78417753895331,1.3900284890143864,11,1.5721349896946364,8.278408395506434,226,25.872311732708944,CRITICAL
-1.3618068934760064,0.44369848179798876,-1.4438847630486673,30,4.604795742617444,19.630654785948057,127,6.929275073458258,CRITICAL
7.7090900147921975,9.566121121954836,7.106137180940761,15,4.953400767776714,6.0599735081696995,108,0.0,CRITICAL
-0.8497596345150822,-0.09218311172697524,-2.6039103195774183,27,4.307396162902316,16.810381555957974,207,3.9491302792736906,CRITICAL
0.6908933205842063,3.4234408593741437,0.555476328831513,13,2.8569324291571636,28.573326879114525,41,21.669351279672508,CRITICAL
-0.3551081554573974,0.5138609134895576,-2.2667139988549962,1,4.074756710798539,20.81410002489185,233,24.95025900637316,CRITICAL
1.19481911675285,1.4197756999588673,0.3193292298918864,16,2.2286768893245132,23.381165204252355,235,16.072183793149456,CRITICAL
5.859489888616194,7.6358281536341,5.841767239054505,29,4.057910947558138,13.663229607898984,298,0.0,CRITICAL
3.1148504713328027,3.920394427913954,2.8766436798855644,7,0.7052560962814544,7.146503245497486,50,71.39615343124713,WARNING
3.6522760041178373,4.051190183407957,1.9055103191761087,1,3.390859059319693,7.470242229745445,137,42.34594924123472,CRITICAL
-1.9916002311417986,-0.17612162375056162,-2.7298205551300256,2,4.758925223161114,26.519591633068412,165,37.22079590958443,CRITICAL
0.45005729340027667,1.4239627148643015,0.33553043110746095,26,0.546836862025358,10.664494608181624,173,36.76735239148044,CRITICAL
3.8296282298403304,6.765915391577607,2.2732562438830524,24,3.124675467453839,21.6780658243082,225,0.0,CRITICAL
-0.45592898711446894,1.3570960825144356,-0.8682470054443132,14,1.4928756688474387,8.06380507437556,232,41.556414771531216,CRITICAL
-0.6096611441755939,0.49625887590552775,-2.413997430944014,2,2.731825290745578,13.781703379383984,120,71.88859921467736,WARNING
0.9431102995584184,2.885803114669495,0.9010156917557857,5,4.483638694880934,24.524976028695107,126,20.694541196787533,CRITICAL
7.545655274581862,10.456811669715542,7.345187677271515,16,1.1178108287635504,22.51332606553869,36,0.0,CRITICAL
7.132811241356732,9.423148509556887,5.843847015488183,1,1.0948057071681558,23.103528786509234,167,0.0,CRITICAL
7.831803813926733,10.70465688721808,7.619125924723153,23,4.182149119844694,25.581606412110276,73,0.0,CRITICAL
0.8825525832029468,2.2155311778517457,0.5562636997048596,10,2.6550877257832135,7.314265755387134,166,61.27485853013492,WARNING
-1.2615469088610456,-0.9531009736569698,-1.8550238913140056,16,4.489055907459372,12.458540158383926,30,39.12166962208694,CRITICAL
-1.855994780659297,-1.4138652502001783,-3.166723975640845,7,4.64760912921619,20.532524224685982,87,34.918205750700764,CRITICAL
7.782332441056113,8.627775258207091,7.629752558081238,10,1.0325793670283312,27.699588222362596,73,3.955864909540626,CRITICAL
5.652403203205916,7.451237657802677,4.293536579785728,4,4.519028984030561,20.61482153122807,176,0.0,CRITICAL
-1.37646462301493,0.6087305227957447,-3.242228291215318,25,4.581430947042108,23.96050618805799,31,8.617139751694719,CRITICAL
3.868296525566709,4.308063789104116,3.5727361597914884,14,3.7460455863612014,23.56638282008601,274,0.0,CRITICAL
-1.3210157940755989,0.8591073922998136,-1.6103514337080476,10,4.976472572042874,5.456170089737044,227,43.52608757609992,CRITICAL
0.9652388583346632,3.883785454815815,-0.23824737253793193,20,2.0005931528061307,24.06422785163602,155,13.831852109630379,CRITICAL
1.2960355653063487,2.773839783519782,0.2236104409382147,7,2.230822640480695,17.428918119129772,245,35.26945945455704,CRITICAL
2.6595553469731925,3.317557314561855,2.4850549078777986,11,0.5128974759188181,29.817159365995625,38,38.62398442315865,CRITICAL
3.550781565143815,6.284867348864148,2.829064492884158,27,4.400476288079552,24.570313574228273,180,0.0,CRITICAL
3.011514016388902,5.805539316376558,2.169360076150882,6,4.225198134859221,1.675969976260221,100,41.172358092818556,CRITICAL
6.665407599000144,8.753775201935127,5.815990115615472,1,3.656307935543688,19.882419611872823,67,16.76826569716909,CRITICAL
3.7344333591030616,4.158265837007768,3.2443417509800976,0,3.0613241958603705,24.41133776675795,106,24.654177038552202,CRITICAL
5.637250188684609,8.48354748182999,4.6968811874819885,23,2.018016457541893,23.441907237063454,36,0.0,CRITICAL
-1.0646759840845708,-0.9683186622520871,-2.566941842341093,16,1.2215695459313993,11.891720704588314,246,46.79903544099942,CRITICAL
3.2558590823842515,5.7444137744601225,1.4175586222235024,16,1.877152816892323,6.819445660040583,110,32.71827608146685,CRITICAL
-1.4483808492943182,1.4048382602960339,-2.9346503264808823,12,3.285696921884907,6.567192388837997,124,65.22504965558616,WARNING
3.8559243631047435,4.0875520840692685,2.4710711719013267,15,1.9093534718241525,19.256725029297144,224,0.0,CRITICAL
2.820035563624417,3.4042273315685048,2.603233799487864,2,2.1321573310669937,23.36391780822186,201,25.280488598311685,CRITICAL
-0.30675841140328086,-0.11080090990444902,-1.5009799230500434,24,4.593591566317085,5.6323142837788245,133,26.383889610260866,CRITICAL
-1.8057992499916933,1.1241901900796532,-2.935392876325087,18,4.939222880125162,14.514209712821382,54,33.145802922041035,CRITICAL
4.783245718169191,5.630452257652686,3.98697294114504,6,1.9151259912795586,11.719239218314316,212,34.73850742947436,CRITICAL
5.036432806272476,7.260786831328951,4.834427039907885,25,3.9877708343851563,0.710559320563563,225,0.0,CRITICAL
3.8061150145358518,5.853236959479807,3.648609295392642,20,0.9198088928139381,21.553881220125422,140,0.0,CRITICAL
1.9253208998231268,2.408461979220998,-0.002013818607212059,16,4.965254923546634,18.262167793079072,297,9.302272034334854,CRITICAL
0.048491736388811546,1.0655538630292263,-0.6721409750138245,27,4.730635117285375,1.2003870809107853,228,22.391106278361427,CRITICAL
3.982056987749959,6.85610394268876,2.8482552648093113,15,0.938327194163717,0.44825259058680733,188,15.47136052456004,CRITICAL
3.8136827110074325,4.075185762949548,3.625454722901303,10,1.2637293763701012,8.868245369525065,64,47.80117322329518,CRITICAL
3.8959312629198664,6.211752794202406,3.3800430639161805,15,4.903176923484492,22.894391091911015,256,0.0,CRITICAL
5.843667249689213,5.962445173648828,4.1256607388559345,12,2.3406495366730113,18.5905051046178,96,34.40827677896114,CRITICAL
1.0748755117432314,2.015811742768162,0.9078944154427353,13,2.776740934889132,7.884822981970446,51,56.20613723825154,WARNING
1.8632007117744682,2.59765106768599,0.2207306416388688,0,1.1955300520268755,3.1589402163015134,222,66.58205804006262,WARNING
4.941114994665938,6.327950711386248,4.754108754343676,14,2.6081991411088414,16.053472660510206,268,0.0,CRITICAL
7.797740724775595,8.988575361051437,6.9315119327121355,12,1.9792428671577713,9.51854586804439,278,7.126351870767089,CRITICAL
5.272893229062943,6.9081368942457075,3.3758258689304936,4,3.380973718766984,9.605598576711095,46,36.878107428631,CRITICAL
7.042667909022151,9.411345296336657,5.085546261523995,6,0.7433488179126231,26.040618052246284,246,0.0,CRITICAL
3.3462952477449663,4.561500688006385,2.749621641799619,22,2.5313941942215044,12.591655818695859,139,0.0,CRITICAL
-0.44331664514191704,-0.16599286504582034,-2.2466001194164074,10,4.835145960668417,8.907149470865713,131,53.49276259108943,WARNING
0.5146064675580817,2.5810979473689466,0.19322814761528218,22,2.465527941257623,27.377934536241316,229,0.0,CRITICAL
1.365450655657308,1.96113058873907,-0.0799967098049128,18,3.274305683752727,9.711977242841481,192,42.14186778295832,CRITICAL
3.3790066745277816,4.8773436795537055,2.746190998887573,25,4.8648925612327005,12.191599144667988,296,0.0,CRITICAL
3.9294316374015343,6.501232840720604,2.660845531558219,20,4.862558801492278,2.9233816347612374,141,2.4570754154795393,CRITICAL
-0.8740583470385028,1.4490948395383334,-2.075945066169325,6,2.066384993075831,28.571306435277833,37,48.70256415112163,CRITICAL
0.18276672137638617,1.1036629870787498,-1.4553363147256426,3,3.6469271573877924,19.467350318815146,263,46.14053726273677,CRITICAL
0.11037387038221391,1.3879214576093606,-1.837766449279301,10,1.0102099975091952,5.274414150153897,249,58.73121486432069,WARNING
5.17938081851465,6.034464623355056,3.8601696083747994,21,2.4687215227893184,8.497450881174046,80,4.953632212252927,CRITICAL
6.248122931138668,8.096904045936634,5.425563602706655,15,3.874746556451696,18.714770732945702,81,0.0,CRITICAL
1.0201691201880685,3.023299525358638,-0.6832413923284428,6,1.5029571689364398,13.638896394875923,225,31.14501105215849,CRITICAL
3.138055792580883,4.189896842243476,1.5505533590122071,14,2.3582063398210034,24.61253925670521,232,0.0,CRITICAL
4.418022113576871,7.056843596056782,3.889023972475918,26,4.562028788612201,27.28013129861277,153,0.0,CRITICAL
3.131234085313057,5.502764470056398,1.4496948356439374,16,4.190154756125841,17.998370226652387,201,0.0,CRITICAL
1.4331246760262153,3.100343420188469,0.6503998903308355,19,3.399954611584021,24.856496986355108,249,0.0,CRITICAL
1.8176409478669626,2.3387927603112697,0.009298203186842047,16,1.212996449085378,6.929085127914977,94,55.042570465681905,WARNING
1.7886464108646098,4.3177385907479975,0.5340096475800256,8,4.268020450980028,4.771595064260131,195,32.037625766788004,CRITICAL
-1.44040755812942,0.4462748204465061,-2.6269839417357437,0,3.2814483917064337,16.310174596442515,70,67.71793834734,WARNING
-1.8482607420233066,1.101981832199964,-3.117187044091269,24,2.111546083088951,7.191656526741992,143,37.969225063460236,CRITICAL
6.90014476355528,9.258289360775112,5.359361592788455,21,0.732869898806078,2.48890107906816,103,11.274380089576603,CRITICAL
1.8303194188236223,2.140577109467846,0.9120639715670718,19,1.0520794539291032,4.255061585261605,164,58.946047885762724,WARNING
-1.443337153909441,-0.35914520023431007,-3.1199689205859333,12,0.9530227386181525,23.863243689080395,241,25.73575969684998,CRITICAL
6.436682053651925,7.562445162003309,5.809512181821703,29,2.528953381914427,4.83310934449876,182,0.0,CRITICAL
-0.9279375675469761,0.892027009445616,-0.9908385148377412,10,4.97182809979116,14.517329781111188,32,46.583882683645825,CRITICAL
2.4501809740588527,3.0287167530159538,2.391070488505794,0,2.830977147838855,22.828829248028846,140,43.66874257958611,CRITICAL
4.637698640620895,5.29698197501267,3.1822108425916857,30,1.0696111150395673,8.209994468444927,132,14.532293609676497,CRITICAL
0.09132027811185583,0.9742829102995444,-1.3990686339849385,15,2.462278953246433,28.390370249735298,128,22.500931484472716,CRITICAL
-0.8127413382951565,1.339447065931506,-2.736483936483466,3,3.126417149373811,22.993466016854097,189,38.656531154669786,CRITICAL
-0.7650091817783384,0.5354058323140769,-1.6573246503241525,19,3.8618567155490267,24.47676598699734,85,28.07295650117441,CRITICAL
0.5758778542155372,1.6977593145669148,-0.6895190808203724,2,2.522315228377437,26.68349058190584,291,37.5306366076223,CRITICAL
0.4588495922151301,3.0906058676252894,-1.4419065726507398,16,2.0851400106577573,0.8981985110007118,122,58.090404668650116,WARNING
4.226590725505364,4.872143218920122,3.4832701356654843,4,4.007815490775093,3.669108154542667,193,46.88292414031186,CRITICAL
5.837346263052502,6.802029979768612,5.372048779226214,2,2.2351589745004783,18.054057332614473,299,2.1746341960817714,CRITICAL
1.3657522027812208,4.2045653858659495,-0.24910078981171946,21,0.8367088815776089,26.779920603246268,245,0.0,CRITICAL
0.611233397623149,1.2056846357738182,0.511913912752638,15,2.743929357905412,29.707791494074936,245,11.192590231008282,CRITICAL
0.7167106347295515,2.4902239231423353,0.2438668003232083,0,1.782666113825614,19.309998255216843,32,69.11643143458454,WARNING
-0.2938050867144151,0.9146272830469369,-2.085464136902882,29,2.873811574101754,10.121696064943595,38,45.69454114659826,CRITICAL
-1.4292810933358873,0.7404799154556996,-1.9786281858032795,24,2.056210106622797,2.3930162690096024,190,49.93818600567584,CRITICAL
-1.7175633731487026,1.2343371415414672,-2.704236621688155,20,4.852186375089907,3.642388398142673,221,44.37703755631871,CRITICAL
7.127282649665923,7.543485919888222,5.140201906906531,27,3.594195103340895,13.070473870562296,117,0.0,CRITICAL
2.3446474776689623,4.793090329485391,1.2695307391474306,0,4.703496602155906,26.040446173956465,162,8.833193464945557,CRITICAL
4.521450470203242,5.312631863081439,3.1456072788663927,25,4.156184868574172,8.097361631393023,117,9.248584072125205,CRITICAL
4.59666340283658,5.04066785103514,3.428402800365371,27,4.846263185364357,12.398817532562534,258,0.0,CRITICAL
5.389634089964217,6.859945611919411,4.828550887573675,24,3.7888906126631676,6.774915551796413,165,0.0,CRITICAL
2.2682882584390462,4.774914548660685,1.7835357425943321,20,3.80870725476284,6.176737031705319,69,22.751444024724158,CRITICAL
6.352494769399444,7.756945941867021,5.582374324685651,15,0.970406230777693,6.259843740015195,300,0.0,CRITICAL
-0.11984583316052211,2.005691252089989,-1.4304245095332724,27,2.770301341827751,27.423757939799245,142,4.166972440752669,CRITICAL
0.313454492765576,2.1748886510042857,-0.09258696220557439,12,1.3457906269198423,8.335153033530855,114,71.86265999877057,WARNING
3.708967575572343,4.015160625136326,2.7870593329265394,3,3.8526169694654366,7.216873843205257,265,28.87029766043698,CRITICAL
-1.8284825022709186,-0.47055975412344253,-2.359639952921941,29,2.97636919005439,10.632805026651985,138,36.50620046235085,CRITICAL
1.0131423516950795,1.1726135679268264,0.4679646182472197,3,0.7211048038214283,11.47567586571014,246,66.93931626483842,WARNING
4.379628499208493,6.201972902779746,3.3423915787092078,3,3.5652223618658,19.390345718475633,86,14.195797645687154,CRITICAL
4.330891223205892,4.528433380948237,4.128827241382873,7,4.471701303802381,20.985368352194868,237,0.0,CRITICAL
-1.3921743682076804,1.2464086442767164,-1.9287082677410066,6,1.2696310358924747,6.107264387823591,177,72.0585334745283,WARNING
3.925394129128759,6.648741451037036,2.68115742923829,23,1.8739588471989161,27.200032998905165,152,0.0,CRITICAL
4.660776581610337,6.026425539887301,2.7362905254503813,21,2.635703108650829,10.02162449527387,120,4.743708540784731,CRITICAL
6.8013037611950065,6.830505386348544,6.097016471075753,15,3.124214861575731,14.649220229659647,156,0.0,CRITICAL
6.400231301427375,7.272207010225523,5.943655959528142,16,1.2528713188876668,4.397488782239678,78,20.999924637720156,CRITICAL
2.823355707653752,4.295341257911651,2.121793616097663,17,1.6580278052787358,14.594799411342331,216,0.0,CRITICAL
2.96649687078415,3.967713481112386,1.9308347595237614,21,4.356302722491881,27.065004820457947,277,0.0,CRITICAL
2.1147049450565376,2.1768867787685577,0.15743006985795072,27,1.4911502150233915,29.822611914940133,212,0.0,CRITICAL
-0.5337931702620897,2.3860785943095886,-1.2526330273383102,23,0.9017329243741143,27.61941767219031,223,0.0,CRITICAL
3.79271836313265,5.829122940289173,1.9942755983677682,14,4.9429924958376406,26.28278520559673,119,0.0,CRITICAL
2.0743981755753627,3.247476852391018,1.2398096040080286,8,1.8919548381684497,1.2329993202202383,296,62.01835634881812,WARNING
6.976664522850054,8.676651814427952,5.391613391715715,11,1.797838401018512,29.08409670181607,285,0.0,CRITICAL
-1.1172134667791072,0.452345041170114,-1.6967770192748717,17,3.4894414449612103,9.109367986058771,177,42.64616492389031,CRITICAL
-0.23163962294493334,0.4203362833157648,-1.8825808248861793,3,0.7393697701219393,9.174645022695564,250,68.52255520673494,WARNING
3.688593922191047,6.324760210520683,2.118067324407921,16,3.4939669952791874,23.06656134741361,109,0.0,CRITICAL
6.665265671786942,7.9614180232533185,4.828745997117469,9,1.4848599444673587,14.195333033711037,211,0.0,CRITICAL
2.071001662479846,3.268342470548959,0.26267601270966523,28,1.675674100524735,9.060679658585517,189,26.733019691996844,CRITICAL
0.6148976242060904,3.028038373649429,0.33654490639937595,24,1.3977799909196198,4.070722553799814,132,38.01062265820772,CRITICAL
-1.4864124373793244,0.39854404455026926,-2.5780737890507246,12,4.0208257991198195,25.01557039549041,79,31.38609875191535,CRITICAL
0.6514079881072066,3.456047432275788,-0.7737890224927491,14,2.0938723118939344,13.99657676082231,240,19.61283982006259,CRITICAL
6.833848514442094,7.099135476143378,6.552677332417488,29,1.8607549335050906,7.279369662774149,292,0.0,CRITICAL
1.7253384534986114,4.358754159060469,1.6182664018045883,27,2.266966950645382,12.088263780641384,33,4.628078178128677,CRITICAL
2.5779731068720313,5.0955672220327255,2.4086549218004922,8,4.234524301721013,19.496398219551647,200,10.943396843776036,CRITICAL
2.9316408019025735,5.003419509063544,1.2030125530193148,3,3.8321282277314266,20.232389981483117,57,24.015726656098995,CRITICAL
1.0975841795273973,3.999419565132449,0.8247786791460532,28,3.540563426006634,25.567670871639734,184,0.0,CRITICAL
2.3148522521179293,4.731702785118051,1.0675244075015358,6,1.0161898866455201,0.0010713531871320292,91,60.198225609724496,WARNING
3.1232819196852466,4.640695434027015,2.341854133101746,29,1.048151365292496,12.136720080014955,124,0.0,CRITICAL
3.0503248206255567,5.515384196673706,1.6876839265831565,27,3.461716940829257,3.695895917494675,104,23.361971648160953,CRITICAL
-0.8911528822025878,1.0812432063532076,-1.2327038658627343,23,3.648328981996064,6.010531218981384,275,19.90036188732453,CRITICAL
2.0052131757148954,3.4841055847863576,0.6698138568532122,12,2.2361935499268557,23.995655873567426,267,19.168964685014902,CRITICAL
5.285411399607602,6.978038652009671,5.2633721116152135,9,0.6533759415372493,19.512669792746223,257,0.0,CRITICAL
3.4423506120470257,4.84607193451847,1.9962200761710174,8,0.5410402783594396,4.749435862395389,286,43.55839571811424,CRITICAL
1.0192337279370483,3.1379075783479786,0.23798507629774845,2,1.2852359559508904,4.5420814346969856,203,69.59481743836271,WARNING
6.924804693557604,8.900136528326776,5.077850818821642,2,4.622720105774437,19.35402016723409,222,0.0,CRITICAL
6.542500917889634,8.063441589200908,5.224690717355858,8,1.0823988626894292,9.722298366319857,208,10.84493224452995,CRITICAL
3.147609220893352,5.346241725517026,2.6842006002893672,21,0.9779919590611197,28.02701726838699,273,0.0,CRITICAL
-0.6107925781013794,2.141012222214873,-2.20200244028318,3,4.549074392493064,5.219938768780937,226,47.55813874105511,CRITICAL
6.059518123063588,6.4029394713392405,4.365914417449753,2,2.486878036969034,11.229663403302421,45,44.23550845489407,CRITICAL
-0.07304471249903766,1.0598421249212018,-2.050786440289211,18,3.0041069902390607,5.871538427284717,281,36.37514854064949,CRITICAL
3.810447910206877,6.25196113255548,2.1931034743063647,6,0.8870823429486585,0.7272916203250712,79,37.03539610156709,CRITICAL
2.8600530836237628,3.9387360898146957,2.04399834354807,17,4.390210209964536,10.221339356594758,300,19.961754693846174,CRITICAL
2.994417453146343,4.415616063381727,2.290205348520564,19,4.548900909827187,25.60264799100314,64,0.0,CRITICAL
1.752824204092542,3.460281472587144,1.4984394363458051,16,1.8420214239814021,3.5378248614174668,148,50.51479008804929,WARNING
7.10663902538335,7.976328465863373,5.450342023375063,12,3.664729912657837,2.038584546545713,110,36.681148177986515,CRITICAL
-1.551337262939343,1.008248386977777,-3.414955362796425,16,1.9050769492722184,18.559347478296203,86,50.82772511772653,WARNING
3.6215613149430457,5.581257317917661,3.557011863799822,13,1.6739649728111967,10.036237363821572,60,31.392886281328895,CRITICAL
1.282524085794197,4.0550468725905455,-0.04414816889215145,28,0.7804782693108719,14.806653426493382,48,3.4584557250928905,CRITICAL
-1.5754214249592522,0.6424467529113933,-3.434148598177286,28,2.9814136337822053,28.398020296424157,168,12.233297753463757,CRITICAL
-1.3756327017128431,-0.6998975786223159,-2.0761480677830475,15,1.8653825820754335,25.495005073349876,146,20.21443262184013,CRITICAL
-1.6678607154032377,0.766228793163938,-2.736232437626682,27,2.207247753208395,20.50785200400432,39,20.5249596001337,CRITICAL
-1.6871574944052945,0.3991641007249118,-2.546594791709832,13,2.9729521581528107,3.4674959863616928,90,78.9714672875146,WARNING
3.8952073411740935,4.47614422776315,3.0221576808778234,1,1.571765937240052,2.759724316436978,35,67.27125886179995,WARNING
2.4848541357771623,4.864396662444375,1.348756912528387,25,0.5670435199860566,21.594805475307048,59,0.0,CRITICAL
3.2185971406894134,4.2675995333334615,1.9081792368723454,7,4.991399640708098,3.8914873315670717,233,24.787013654230744,CRITICAL
4.250994277684768,5.881932864408444,3.2611357739667617,23,4.160411761003079,26.92920526454617,142,0.0,CRITICAL
-0.18368651234684985,1.4705310130611962,-1.9216283981407125,7,2.8707988449812167,8.026057478530467,287,56.04378171667438,WARNING
0.07981271596664374,2.9315030892801848,-0.8926026758329231,2,1.4159972079412744,4.113944658955636,296,67.30535926706636,WARNING
4.861949925307584,7.311089053663417,4.578027461117642,7,3.642538726190092,19.497242591722006,262,0.0,CRITICAL
-1.872262097943985,-1.0613663805473834,-3.04874241184375,9,4.222304827294753,2.5347988440960734,172,68.54574237836508,WARNING
4.912940903926762,6.245000109497926,4.464044001041771,12,1.3299205859725594,12.932548939993666,56,16.604024567093557,CRITICAL
-1.8121634032629805,0.9995082641189639,-3.6322714087976786,24,4.5192621239496935,27.68096048269217,164,0.0,CRITICAL
1.5457517601494848,2.568584915076372,-0.11272714990225619,13,4.395840312719131,23.478380381142973,59,13.07396695831494,CRITICAL
1.3197649741818256,4.117183062155335,0.7449280218156809,30,2.9064262105953795,12.715050631598206,295,0.0,CRITICAL
3.761830048916833,6.739669278723967,3.2853762360215244,29,0.568325361334909,23.987667713150095,170,0.0,CRITICAL
-0.5004043085274461,0.5121927510297524,-1.2896067161051723,19,1.7342144670160626,8.06242048574163,158,57.82426287628942,WARNING
2.861556981722888,3.234476220235743,1.724674830644061,10,4.26199908323831,25.427780042317,257,4.627242685650787,CRITICAL
0.6394556764753472,3.537112155030631,-0.32096014337436873,27,3.0047378464064836,12.2583266478594,70,14.76445671148928,CRITICAL
1.661971131776923,1.8541015955061146,1.3023633121898273,24,4.040310686399412,7.786224082646227,283,11.272224800841428,CRITICAL
6.089746522008559,6.23848554475537,5.860853396137722,1,1.3291497199236317,15.201575575896412,255,5.798907154599907,CRITICAL
-1.7482664784755835,-1.5658278750214156,-3.177365606006205,8,4.888770477164558,0.48354521655763816,210,55.40441354500646,WARNING
3.5458173929705894,5.066631210735691,3.3194522661367403,2,1.5664042004807934,9.773671382002359,220,43.291378529570466,CRITICAL
5.13237665131141,5.98162985450405,5.082987448023145,19,4.04674007833966,10.049573550022874,238,3.9739222565277075,CRITICAL
0.2482936443694692,1.1304827532906776,0.18597883361193923,11,0.7007475965390115,27.909255433841775,43,46.06232103772746,CRITICAL
-0.7311221148952449,1.4161817967208212,-2.215208948911423,25,3.11668924397067,10.321582393334767,140,30.788396927023438,CRITICAL
1.496117474105933,1.946341532013313,-0.029106198251579007,20,0.8530023753516902,2.319343229820986,144,65.65402384873448,WARNING
3.986877809812393,6.188731563842861,2.9089430420141236,3,4.314177859225557,15.832691967086243,56,11.071020101929392,CRITICAL
1.9551865543923408,2.9060046222376563,1.5651393642624507,18,1.8187938898787857,7.320869861994198,154,47.990059537264955,CRITICAL
4.574081880904297,7.4912724352418785,3.1879356150243305,14,3.797592485764909,26.406803371740686,215,0.0,CRITICAL
4.811484979589653,6.263948538022528,4.350785310333324,25,2.384826034560314,17.0802676292854,94,0.0,CRITICAL
-0.5303364198007465,1.4919789613258512,-1.8621417255520127,19,1.6712552911143879,8.606555687242402,190,51.1796402246882,WARNING
0.4510167429308254,0.8962124679548344,-0.5373837257856433,28,3.9769023909529215,26.996174047868482,262,0.0,CRITICAL
-1.2752669266480687,0.38846941028460247,-3.135517257660381,23,0.9544791658877635,26.083763845430834,250,0.0,CRITICAL
5.574485460925102,7.162414506750323,4.798257198377543,13,2.094654970418948,12.069525203912413,153,0.0,CRITICAL
-1.2858221380349273,1.4092395382431977,-2.4687781423081843,19,0.9849730616331357,21.66538753626593,67,37.387484231645146,CRITICAL
0.12974579408402942,1.3563699691892432,-0.7697616352281025,26,2.460605649663583,22.729801940271116,98,22.33443134899816,CRITICAL
2.342244793442892,4.802562992316474,1.3234968217324858,4,4.530196272097728,17.8065986021716,219,11.739070910916087,CRITICAL
0.7211629321891628,1.251329718546935,-0.723903439193325,8,4.751456446785692,2.90695806568791,182,64.93293466725329,WARNING
-1.7102723167479932,-0.13469138648902912,-2.7267280988644274,29,2.420102885243724,9.684002187267186,193,42.57300214308618,CRITICAL
7.72526329512245,10.372415793245619,6.263293528942521,13,2.8361073676657154,17.25413468768829,190,0.0,CRITICAL
4.369242500015933,5.685992733419527,2.598544173646994,9,4.726421953213355,7.782870454074196,84,39.24515852568109,CRITICAL
4.034215560263523,6.5505855477371195,2.5244860829644824,0,3.1927619283008264,1.1923511981643786,129,27.066651067761025,CRITICAL
4.01570469445875,6.8411225695373625,2.87337436941402,23,2.5017110470237025,3.7853610882992603,262,0.0,CRITICAL
-1.342310739327182,1.1919216339090997,-2.2311208656449177,13,2.7196499756258308,2.6059148902824694,100,79.93077250409523,WARNING
4.768605813519697,5.005807051442846,3.181965303222253,23,0.8345764836074465,4.701815733401515,201,7.76108029883087,CRITICAL
1.783743652799207,4.114880365397005,0.37012404976230306,10,4.5152262908316025,1.150705315182572,81,49.32368000634787,CRITICAL
2.765184395967281,5.289477518217948,1.4429235417582895,28,3.317363583746275,28.475476347170133,34,0.0,CRITICAL
1.5180602390859597,2.1786888932980384,1.1267036328217552,15,1.1814489787838027,24.41606555590887,284,2.8259967365705907,CRITICAL
-0.808562190766362,2.0439360838946325,-2.5228757831300115,23,1.4638508373080912,13.0295634420055,281,5.577371613026946,CRITICAL
5.090796742140563,5.880018184185348,4.330216282441135,18,1.556221040857701,10.461113263122675,122,28.778896503157956,CRITICAL
3.044151107902527,5.048078513492196,2.063707156463472,20,2.2649452514222967,10.713836150634284,276,12.954172201196345,CRITICAL
-0.6864168295696047,2.004038363241313,-2.2142900668109826,13,4.862129643650935,9.76191138790464,247,16.15819179834384,CRITICAL
0.7884155939362429,1.1290244741784692,-0.6055215676001124,22,1.0762603952107428,26.465143445969833,280,1.0105879166724465,CRITICAL
4.339619327615477,4.984937848201906,2.6376426292343527,13,0.7736146750312884,23.153959733961226,163,0.0,CRITICAL
0.46737450620733423,1.7429723482154968,-0.05402426031579943,1,1.7074275514839161,21.845605422321302,203,41.36266192931865,CRITICAL
-1.7262287896047244,-1.0622986512736907,-3.477472741022754,17,1.427903696954131,18.758595163445683,198,36.29215334392795,CRITICAL
1.2386038610303358,1.3019569406416864,0.480227604054019,24,3.6712873429044808,27.366856936969,62,13.549315828771531,CRITICAL
1.1118939911036216,1.7072134332242026,0.7979081689304279,17,2.279868300026303,21.53461513578917,178,28.012853947386454,CRITICAL
3.463922681236861,4.110767974720398,1.997253982319476,30,0.5613839973683458,25.364458863443517,299,0.0,CRITICAL
0.3876244481508486,0.8584609672228235,-0.2153084225984514,7,3.341999765305611,20.642100925887092,47,39.72458245977129,CRITICAL
-1.258143016115017,0.7076848602311896,-1.520529395033544,23,4.4447973945363906,25.859510843064626,69,0.7389024275921035,CRITICAL
2.33267721698385,3.578817287693902,2.3031936491700367,26,2.9376407915497076,27.56923693832328,78,12.358733980968282,CRITICAL
6.028457904581094,6.965027016780008,5.381004441128744,16,3.845675107877282,9.064619304399876,264,0.0,CRITICAL
-0.41438026863653765,0.9998207907774777,-0.9968575763962781,2,1.5001383077426886,12.189921489580627,172,64.83349519106918,WARNING
3.445994542667842,4.17983665588872,3.4115694778484773,15,3.774008540596092,28.543721520767583,85,0.0,CRITICAL
6.8560289603514795,8.19728481970759,5.902416326360934,3,3.3926835425030006,9.973064246126542,72,27.953890350526976,CRITICAL
-0.9844657238864092,0.4849686624580576,-1.4844038406140112,4,2.314377827750132,25.14211188409805,297,42.230324137184766,CRITICAL
6.837042394780283,7.593113941719118,6.214132480219502,10,4.2544554000925565,1.0952912989503838,238,8.714279160318656,CRITICAL
5.812047481339268,7.278228145914116,4.8124165486354125,30,3.434038810885154,9.655138729819361,277,0.0,CRITICAL
3.1519174608447393,3.396220387531825,2.941829708119525,22,0.8487699977352263,3.8184745066359724,36,46.62093114256405,CRITICAL
5.188006299352242,8.103755121601669,5.109882403744312,13,2.7283303720373615,18.784947351326114,298,0.0,CRITICAL
2.4939605984485915,3.6921775733907958,1.9004585520187298,13,4.980849406302023,21.598289815031784,168,0.2248010279525916,CRITICAL
1.69060292346232,3.6412650706999563,1.4075677302247058,16,3.5826074400549994,24.08441184774037,220,0.0,CRITICAL
-0.4925638226221487,2.3160436736285064,-2.346723010099443,23,4.982839422939589,27.835249484033714,114,0.0,CRITICAL
5.081514715374476,5.532561945226857,4.947418689053567,0,1.9032822933539064,5.630232810810423,78,60.37731494446051,WARNING
5.343470513614061,5.812829577718587,4.642564927783498,17,4.4750443288470265,10.348723373298737,37,24.27879498844152,CRITICAL
-0.3525163106238438,2.2517631648750775,-1.5214530807250797,9,2.1527366139758692,23.009665177002926,160,30.611122961418104,CRITICAL
5.963195635096051,6.272124483839297,5.53031269611521,5,1.6832192766403327,3.06966374666335,297,30.87317061758266,CRITICAL
2.5963260553604295,4.912262103392777,1.4119861058006336,8,4.849964999652267,22.117965788692963,272,0.0,CRITICAL
4.08221728694954,6.8708586310353335,2.8523698982872663,4,1.241682742831021,26.238422691877233,195,0.0,CRITICAL
7.0361719369772455,8.31238915169963,6.09279378164013,9,2.751687973141919,3.518894890123506,231,18.773095516407462,CRITICAL
0.31317915199300295,1.2484646495686158,-0.730792257163497,16,0.8518984762935726,18.16142987657887,139,44.55360123262676,CRITICAL
3.672939597089732,5.806982630724245,1.9931873897323962,17,2.4874106809900756,20.852992636479076,158,0.0,CRITICAL
1.3474305078280921,2.3919719750628614,1.2968393986396185,11,4.349175409207802,23.12234349624196,207,7.284915031796539,CRITICAL
-0.7173202358048771,2.276380102810738,-2.596134533585033,12,2.183926364820638,27.995773348427225,35,36.95836085394625,CRITICAL
5.930942040323865,6.916296674566559,4.108860528575024,29,1.6419214700353892,27.646918597741685,169,0.0,CRITICAL
-0.3502914916720663,-0.2185393285955649,-1.74128964214388,8,1.7337822378703718,1.7168100113736129,45,93.6318532167397,SAFE
3.5654490353528834,5.462169283541275,2.584848064760221,15,3.874711993613956,19.426454845946957,83,7.381935936922867,CRITICAL
-1.826978179234841,-1.367402927618909,-3.299370517405066,27,4.329244003388411,2.484738622510264,91,40.56047994221583,CRITICAL
3.487377303015079,5.11962775976871,1.52057044643387,6,3.447973502896853,22.12360896542842,200,5.372735282182017,CRITICAL
3.08938015548884,5.21730701555043,1.2779306577552727,18,3.7496099118095216,10.98769706107835,37,31.40545161548967,CRITICAL
0.41903850807452425,2.427962032576818,0.2891287066965733,26,3.925818825191748,4.425418390845595,166,27.83968700264284,CRITICAL
0.6603932251561475,1.256443428495531,-0.350538436706755,5,3.358848697399556,25.263720863579145,31,50.11164522720598,WARNING
5.331261395222443,7.839578277839294,5.159070929203091,29,2.583524174218839,3.487850707324837,76,6.825009713288424,CRITICAL
-1.4814940757009885,0.39838074901141307,-1.5217088194153592,5,4.049315054319607,6.525775560277464,221,54.60349098453484,WARNING
3.2631903316502306,4.186537294518839,1.901409142174018,30,4.556656393339012,5.732581782506799,97,3.1048706213634683,CRITICAL
0.27586274024459545,1.1127529267725496,-0.8542171746164424,13,1.5168217104579411,5.647358731806148,132,51.77112087452994,WARNING
-0.23040593001153686,0.5632295000058463,-1.2101772513552136,18,2.136259392424422,23.171116331627793,297,14.496731447391216,CRITICAL
1.7861584434080067,1.8963517246487331,0.1167100589856005,12,1.200669019824039,17.06133914232167,252,43.469215307087296,CRITICAL
2.865449935884077,3.487790808965638,1.466142283045691,16,2.9822504277107087,22.29395355156698,167,10.907575004791651,CRITICAL
2.640453973891824,4.043518565944357,2.577557872388461,3,2.8266341869718934,18.93340994114254,273,21.398152818325674,CRITICAL
1.5209245677139291,2.6546550386612124,0.34414300423410493,1,1.9506742109045183,3.1383889830422573,213,73.69329101599932,WARNING
-1.952610187586375,-0.9484727534464119,-3.2483728144575417,3,1.3420018338350184,10.740136051090573,113,89.66841232380108,SAFE
7.046106659494799,8.415443687616182,5.894176257357484,13,3.789296863950794,14.207162223926872,154,0.0,CRITICAL
0.23928866986670716,2.2749561951243193,-0.3610579257801654,29,4.448447209256617,22.895189732630797,289,0.0,CRITICAL
0.5553653735252815,2.2878293532631173,-0.630786727463273,5,2.8049195762629155,27.670607932042202,298,26.984621431789837,CRITICAL
3.8345665142530914,4.224238994703805,3.1682722853928116,30,0.7421004426960875,2.7119594758615326,102,33.01489623979497,CRITICAL
3.0042160473245607,3.446689075933863,1.2383065666921895,9,1.8838703882820063,5.537809707861446,134,59.36548881904534,WARNING
5.776741156193181,8.103566716247165,5.766851591122551,5,2.05120338462003,14.124020833483875,231,6.987797484732559,CRITICAL
3.4769982757705122,5.971039252164122,2.064550074550149,24,4.626273806625693,11.627217410915133,192,0.0,CRITICAL
-1.1988423883967003,1.495221482581534,-2.8384245406851014,23,4.427077084114149,17.90816621344917,66,18.468671849989097,CRITICAL
2.019260067064871,2.099948876408165,0.24808380920834816,5,3.955297667966851,11.07397698512981,204,52.01455931538628,WARNING
-1.9904507721707294,-0.7959084927502496,-2.1449900390785595,7,1.1213595513237533,5.639116475935558,138,68.01937918628757,WARNING
-1.4428978857582817,-0.9032709500591917,-1.7443930248350528,9,2.2406698207462443,24.63825042858393,47,47.61019497800713,CRITICAL
4.991080704418561,6.543126418548795,4.778219591690998,25,0.8718821224442935,20.58196859046906,81,0.0,CRITICAL
0.42684129492418066,0.9094926325856058,0.16936227434826678,16,2.22795628449577,13.640761974063958,278,31.53817236124881,CRITICAL
2.0211695612238376,2.184703426950305,1.1712071589598232,23,3.3535273076728944,18.109081418914737,260,0.0,CRITICAL
2.686021185228852,5.2185264039513175,0.7424806960788377,3,4.034726256912783,29.42203523756529,226,0.0,CRITICAL
7.741006081334392,9.863700229237558,7.225332977441394,16,4.157757992039177,21.82886299614724,262,0.0,CRITICAL
7.3394835848220215,8.720235731820907,7.2393365626765425,19,3.5887443733351967,7.569804137729673,202,0.0,CRITICAL
4.336177594167299,5.2158966508827875,3.502057126601062,14,1.9608464750615884,19.07948099872807,87,18.572444821290993,CRITICAL
-1.780325895640171,-1.034445742418527,-1.9484196147498434,3,1.0672458244155594,4.339329518285396,282,79.31100546514367,WARNING
-0.3518225992298305,1.7151532838049603,-0.8400240075978089,26,4.566112151422579,27.967989459489534,298,0.0,CRITICAL
-1.7561541165469825,-1.6412919767240575,-2.9748610965495548,23,3.370165174127699,26.461106635881077,225,0.0,CRITICAL
2.3523944204493548,4.26261763066344,1.7484224708939293,12,0.6007256383276471,28.510766419790766,161,12.215939585335212,CRITICAL
7.561733172589364,10.45721332368592,5.974443583070405,18,1.674390867182112,9.096042576934725,293,0.0,CRITICAL
2.7623407949694574,2.9088344543071356,1.61566876259951,6,3.9232357048217366,13.108369024422782,125,34.76853811007463,CRITICAL
2.0286378433887142,4.757877072827773,0.6722213454889361,8,0.5227297233963201,6.214090217363598,242,31.572127873433153,CRITICAL
-0.3513880401676919,2.0193866232783533,-1.6211013721972638,3,1.495956584898468,0.5421877001990005,196,77.21057713506538,WARNING
1.668317673556416,3.4962661356323417,0.7470293682154978,13,3.3564769825230423,9.862560452846719,229,26.75602887048369,CRITICAL
1.3459427362337957,2.3048711576648224,-0.29931466887416525,4,2.5787639829859277,22.277134693929845,137,40.32240366173725,CRITICAL
-0.9799195376193848,0.22889513622757152,-2.3013165270288862,18,4.854756238711911,18.94152190235373,206,10.830919981565415,CRITICAL
2.4880653762013587,3.400163566952055,0.9863503372560105,14,3.535256166780073,0.886937042154482,115,58.24265136954385,WARNING
1.3893546207933483,3.684175093914641,-0.11342219529695341,9,3.0039776924865995,14.722706300693801,150,35.75284335920038,CRITICAL
1.2255562602742338,4.072013537132657,0.9785682454423956,12,1.4823742132698983,29.763927186421924,178,6.786224384970463,CRITICAL
-1.0452948912885207,1.1580872426773403,-1.8475279100156794,13,2.084110791837902,6.5325780402526235,172,53.19403497654942,WARNING
7.423789333062018,10.3045075337111,5.900283069623965,10,2.7603710138076667,15.975251956024772,145,8.590565875468103,CRITICAL
0.9689992855561451,3.4474145942525567,0.07008743455285904,29,4.43003853633493,12.001630802841738,31,10.326657059033684,CRITICAL
0.004329089653561713,0.521141094175463,-1.8102326811778306,12,3.1107102292699293,12.542997071351271,244,36.10293804026208,CRITICAL
1.8185012502539601,2.2342173755419563,0.578660660740163,2,3.1980567654045755,21.9644398410861,41,40.250203103558164,CRITICAL
-0.5003554746601495,0.9153851572561436,-0.6822883554170951,11,0.6022378194581283,18.040277633856043,229,45.52057359452065,CRITICAL
3.1806296345456646,3.6647674555442933,2.442500991464177,27,1.5769189617667303,14.165066764609712,132,13.227242017734799,CRITICAL
-0.24210850604715306,0.3789133066064385,-1.1644676814191712,7,3.5765199118451805,13.309595880593358,153,49.96753556854113,CRITICAL
3.8368317244085466,4.17030361428483,2.628818132673848,10,4.424384565209605,27.26635876877604,155,0.0,CRITICAL
3.1616128415623153,5.192229968526647,1.4274874133660116,15,4.37976036767602,2.110968407178535,243,14.57574816495398,CRITICAL
3.300142230807687,5.447526787412531,2.0861883983141234,17,3.7164389685298542,13.155633616627952,60,9.929630712543606,CRITICAL
0.3903804195660827,2.6966649673101735,-0.33636611572662356,22,4.673254555478831,18.878045897848114,255,0.0,CRITICAL
4.312495498282478,6.788181271621123,2.8053397849683837,3,3.7489739675841522,10.99393518557244,203,8.419501000119343,CRITICAL
-0.5415879728397837,0.2519351397804589,-1.2016393431332155,22,0.8333129999197204,26.975859338585185,281,2.525024730319413,CRITICAL
2.5418834653496543,4.609465814337235,1.8805610387418377,14,3.6480275255489936,17.04693569435901,48,14.6132273778335,CRITICAL
-1.1118561541238747,-0.4487915354133587,-1.8535583913058278,11,3.7121140830999786,9.19988191383896,111,72.67639929308702,WARNING
-0.17155181727030144,1.8482843245293783,-0.4804343926590482,25,3.6278713239616813,4.395784200902897,179,45.591476260440544,CRITICAL
7.254595756965206,9.004286870115845,6.95786902971447,0,1.667395276119769,21.634181032014983,294,0.0,CRITICAL
4.721067713344526,5.188698284183919,3.0158467681487426,10,2.8550183861302703,11.339362233595999,278,31.483765033567018,CRITICAL
3.2246935602383404,4.676688833853767,2.4649488264542523,21,4.761267138953408,10.271009853070641,188,0.0,CRITICAL
-1.09946887441059,1.0868165868350568,-1.3386517139531675,6,2.104256587062449,13.779651351885793,36,68.39977135853891,WARNING
3.074475608120701,4.646830608008674,2.6177329676644736,6,2.1360214910589037,0.9852159168924135,80,64.52028269540631,WARNING
1.0444990128516132,3.9294675514656894,-0.6487122258494007,17,4.426770261358564,29.1131165917034,58,9.466328514121633,CRITICAL
6.986349319645605,7.5344032925834945,5.113682444360587,27,1.602891732212377,20.689123507748615,263,0.0,CRITICAL
3.876264942100839,4.708694613940296,2.3900440430253584,23,4.238115710233158,1.9100680737512454,97,15.225577004459563,CRITICAL
5.92838695502581,7.672198267580937,4.999844369380638,17,4.467383187386071,1.5324839917253685,67,6.964258289210426,CRITICAL
3.9869812093628907,5.614087710287475,3.556993322840273,15,1.8498243209867304,0.2880742956057658,250,28.61139103062368,CRITICAL
-1.3308565890797326,1.0013310033661924,-1.7204541180877864,25,3.357196485734431,22.6662914729687,30,9.517477777194994,CRITICAL
0.44301321810576955,2.3363977978953754,-0.21426558052346922,15,2.8139010576672896,28.54307092248193,183,12.641999041085016,CRITICAL
1.1931401602486664,3.2266678227329617,0.18701559958252245,20,2.48019710184347,29.31686991973494,123,14.875804409870302,CRITICAL
-0.08475471019593539,1.3267642769781267,-0.41101645676335097,2,3.921970154673361,20.189285718941907,78,56.25295337006672,WARNING
0.659189999510275,2.274960283355886,0.29387865712791106,24,0.9892026628020173,6.954084011886218,187,30.017796703084098,CRITICAL
-0.0799048349371323,0.22884651759834596,-0.680027673069983,19,1.446313668560519,20.156617050155468,195,21.56387725412131,CRITICAL
2.598384293745755,5.155456146979849,1.3781378347594915,5,1.9655656762807174,15.493988912065564,272,26.534906297566714,CRITICAL
2.732491794984452,3.5406413539322146,0.8668047038893709,15,4.70448490122757,25.03317102125692,219,0.0,CRITICAL
0.0023329880852833718,2.237974795000983,-0.8970827628357407,13,3.0347888191859416,22.880857456577637,32,19.622227440773493,CRITICAL
0.4244866395879128,1.4853225146921174,-1.1862548734844927,14,3.951718697204686,0.5843887072502962,133,54.0860904203396,WARNING
2.300036188480078,3.4204617485896707,1.6563445976419686,25,2.220828503113859,16.74204503595209,132,17.974746168775845,CRITICAL
1.7053350286011435,2.5272240887445525,1.556481201435513,5,1.9646736663045075,14.390480952298825,270,49.52045365952947,CRITICAL
3.6802487244904016,4.850437770332415,1.7607853148745372,22,2.6916860686563515,8.404278379737406,222,0.0,CRITICAL
-1.6633126002716125,-0.04962546418518987,-2.5395613462436213,9,0.9996385583526184,4.028542015146405,67,88.24545517393788,SAFE
2.6514574467740513,3.1067752094309475,2.3506182969739844,9,3.083396542072105,16.855091546775064,254,24.45226668773905,CRITICAL
1.436399007435969,2.2185564037377694,0.37434404823847767,9,3.6030655808622623,4.214027026020148,64,75.70725324644899,WARNING
2.19550788602543,5.067108302032323,1.4730486605928033,24,2.5062816728854878,26.53755654725719,124,0.0,CRITICAL
-0.6339063140390655,-0.03695077599712826,-2.576783646965761,8,1.6491099947413501,22.429508402797858,41,46.40269936019111,CRITICAL
1.853441420679343,4.271635852185981,0.2572474209115765,26,2.8777882178968825,27.389466089675516,292,0.0,CRITICAL
1.3942875610533463,4.273652338503868,-0.3518742097416152,10,4.055618766133803,14.760284114475493,200,11.343738441698958,CRITICAL
2.406602847973372,5.329285458685363,0.8454264270413334,17,1.2120076313142432,15.40501084468499,74,20.739252412505216,CRITICAL
0.8106807743026971,1.383343144624761,0.6645136484947669,21,2.4392602792374856,8.305947363163938,261,33.89355785254691,CRITICAL
4.652147213854856,5.197168680344883,3.501699676256697,14,2.8747128547356136,20.777585001168834,251,0.0,CRITICAL
0.40879641062339367,2.279865651824287,-0.3710985823669757,0,1.513534713169406,12.81448941316342,162,58.55574631861523,WARNING
1.5062588903846574,3.1033517153597603,0.19903348920066688,6,3.9646752267842094,17.233152447348058,211,30.93243535461364,CRITICAL
2.2894267827530106,2.855968911367913,1.992859175735491,9,1.3171402436050341,0.7867347151239301,50,82.79463217611041,SAFE
1.2404575056665954,2.2228406496553546,0.6097850071950746,7,3.4617516952725693,6.0510428181878115,113,61.242836385295064,WARNING
-0.3735323593178912,0.2781750687577502,-1.084221889501213,4,4.449369173831927,28.33159903577885,93,48.341572429836816,CRITICAL
0.25068365151094874,2.48251078810623,-1.2291418780731065,12,0.7214643136460759,13.15640562754382,131,42.056322676761724,CRITICAL
0.28302932933943836,0.5615847814756222,-0.06716423833447305,29,3.1023659129465555,15.49488547184402,113,29.56606356871411,CRITICAL
-1.2778500494049894,0.5366951802324178,-2.7772152300666315,10,2.368075403268748,6.309823837537786,76,82.99791213176475,SAFE
0.15915087512041382,0.4951279513728929,-0.7547566232414338,0,2.210131098444406,12.60041856772639,81,73.54681099656167,WARNING
3.6743907023958142,4.9768373571165805,1.9787743878058097,9,1.5321147665283046,21.036418024700463,229,3.759418165040124,CRITICAL
-1.9048998228620382,0.28398751206646566,-3.699562213858121,1,1.1333111845952766,7.469943652456635,34,86.27948302914366,SAFE
-1.0654501107236583,1.221413410889317,-1.1878130313089996,25,1.4442151851844245,22.19547644129817,180,8.717040391084181,CRITICAL
3.8620999446003683,6.670974704839187,1.9314995674075657,23,4.14237915088563,20.060034285846655,216,0.0,CRITICAL
5.487776957604173,6.405971409613992,4.237151982441665,29,4.28641244913128,18.657407087327403,44,0.0,CRITICAL
-0.010507716454705163,0.09216060024376016,-1.7545641073413218,29,2.33444438658094,16.184247667425147,298,11.697402310235246,CRITICAL
-1.3993085169074628,-0.7312094765454349,-2.239074274053814,2,1.0058476541883257,14.27068109760433,242,58.561404265325024,WARNING
6.016355477624577,7.926921189198572,5.393493712653507,15,4.547970463059643,7.70584861819415,195,0.0,CRITICAL
0.19349635944837384,2.342442237068913,-0.7620833310795674,23,4.239902092768685,17.137185975079333,94,7.193111294115635,CRITICAL
-1.2211543259569642,-0.5444988026446506,-1.385532294613761,3,3.7277063043212397,8.468993355389964,83,79.49778793947573,WARNING
-0.4959757841545309,0.40734865586189717,-1.9168967220198587,14,3.5076036353299838,15.597507771157701,166,34.598936177755306,CRITICAL
-1.209757417681336,0.7738480672488142,-2.3684945367660863,29,4.3283678900749525,22.43807827815738,227,0.0,CRITICAL
2.7651691376222436,2.808134329439999,1.4959078365500926,26,4.076474976317822,4.856556146613567,195,20.11712510675838,CRITICAL
0.8846582390596649,1.4479030355007039,-0.8543934429504714,18,2.3254558483844137,29.78096348378871,262,16.213125606090173,CRITICAL
4.396525973657537,6.702059133505637,2.5487547114685314,10,4.985085673752209,5.589581934053692,204,0.0,CRITICAL
0.9241308915022515,2.91387510241238,-0.41189447850273586,10,3.9347119579898426,7.885900377433991,217,41.26514518576061,CRITICAL
-1.847516061451128,-1.5637654999651285,-3.797691830443931,26,1.0001163485739366,16.51394308642194,181,21.26299253652295,CRITICAL
0.08574546755986212,1.7456410884493399,-1.7933517867606288,30,4.401353712175481,15.141711648392462,233,3.200266207847722,CRITICAL
3.3137456476037848,3.7388709225602974,1.9525969143774693,24,0.5752365730259343,22.002369704379692,211,0.0,CRITICAL
2.6796261587040657,4.271310780091307,2.5856357165434,17,2.1319526763823435,6.912706351360994,115,33.74472120096905,CRITICAL
6.171563105990768,8.02611589412001,4.485085520397174,24,3.7223868383782346,16.224647002412073,247,0.0,CRITICAL
-0.3294717200586721,2.5172256044752266,-0.9224645829653126,28,2.847868542179762,12.637924230190624,273,4.680041471266842,CRITICAL
-1.1832807337545916,-1.182219896063974,-1.6859392157748065,17,3.506540767120004,6.262643990602824,64,52.592222270009636,WARNING
7.112206256399041,9.405985047798975,5.4982297036674215,30,4.9025599143734855,11.73714811794002,111,0.0,CRITICAL
7.171645132839953,7.383240047327815,5.244930445059661,8,1.1319815145199985,12.043215958059895,107,12.058310914291543,CRITICAL
-1.1455493864906698,-0.163141048954908,-2.419062601038483,16,1.9002226580611192,3.078366317970608,271,52.321811740131785,WARNING
0.6296319201062115,2.253410361868653,-0.5904394769355776,4,0.8168122989015347,29.369788785483742,204,33.75235477627089,CRITICAL
7.189887229022262,7.956244347945574,5.9360905552099075,13,3.1324035842571556,26.28726967642322,279,0.0,CRITICAL
7.988026534458968,9.797974739506838,6.789932570819753,11,1.585816677005036,25.49896240195124,283,0.0,CRITICAL
3.779466514251112,5.693646236586825,2.049132027141547,8,4.29046249954578,21.973279031187065,158,0.0,CRITICAL
-0.027021970466732048,0.7267252316112215,-0.7403445515656069,0,0.9550894216368364,24.179744679975975,154,50.8578411858511,WARNING
-0.6716711852959796,0.12559130682351405,-2.666276261324713,26,3.6883808985008213,16.820122809702294,222,8.066278332394866,CRITICAL
3.2223607715327924,3.348664465222101,3.0067654130665393,26,4.071199855894223,28.622144333700103,78,0.0,CRITICAL
2.584184046325727,4.602012228664768,0.7766048328882029,13,4.168775929300882,21.54867002613316,50,0.0,CRITICAL
2.728818108450401,4.448852876064958,1.6832873267450779,30,2.2941173326911253,24.156617811646687,251,0.0,CRITICAL
-1.8461565725785707,-1.773723302872472,-3.7380560886985608,3,1.8152457970605314,12.364317432469557,44,77.2905736756789,WARNING
3.0965805004959392,5.551685798128716,2.4084810513325854,30,1.6191548723343472,13.380209680730804,54,3.245124031469566,CRITICAL
2.194626569344506,4.500459986379572,1.8734423482946458,17,3.9686400695567805,16.418331484858747,194,4.407047703960602,CRITICAL
2.5199149257781714,3.036088970492738,1.5202421127106405,2,2.001934700333484,18.492081807159206,146,53.16534145390116,WARNING
-0.16498900497116953,0.10630844925451355,-0.9771195353423041,19,2.7373671187284403,5.5857643686006515,225,42.02149117474857,CRITICAL
3.1358559894887836,4.14685973273269,2.26031779090178,11,3.8964688086247303,28.779250048520385,195,0.0,CRITICAL
-0.861261475897722,0.6570963605624875,-2.145876956208718,9,3.905467599776727,16.14763077599736,233,38.18470979449422,CRITICAL
6.558327838702849,9.302419749056146,5.231947475527023,27,1.6851652052696382,21.47664301250069,211,0.0,CRITICAL
7.780374792824773,10.224094050458111,6.005472586187998,9,3.2603901294282114,29.12235820640883,195,0.0,CRITICAL
5.73993608187928,7.742500064917586,5.192359490114008,15,1.51010871119511,20.852373089625452,142,0.0,CRITICAL
-0.6450040888627218,0.002900198685120592,-0.6698407974202252,7,4.84065717155846,25.725940304745848,277,18.379307198446234,CRITICAL
0.4871550451065154,2.1914121502239357,-0.337492086247966,27,2.8335712486060727,11.988505041730798,228,22.467927803210337,CRITICAL
2.240475571012377,4.650753827288447,1.7133608901363202,11,2.1403153803217245,27.76517494103063,150,8.201547230807625,CRITICAL
0.14244503127219232,0.545923437381016,-1.577444368546107,22,1.6110291039944202,16.14826274937953,95,30.96621408917092,CRITICAL
3.504876723180052,5.629938476775026,2.434156895267531,3,4.132641056316508,18.122747591396664,208,12.175645359020269,CRITICAL
1.869795768402204,4.825027022740613,0.9392228969983096,18,4.264760343278994,13.807166133554116,254,0.0,CRITICAL
0.6171055018003768,1.1311290446988642,-0.5028119572176788,17,3.426249066434472,26.875248927087284,274,10.675771482758895,CRITICAL
-1.1127192647556892,-0.9164809864248065,-2.5504568529838307,18,1.6340543312063813,26.89586827034365,44,37.13612188381988,CRITICAL
0.9448588981105397,3.7731033562500063,-1.027554290052592,6,3.478103723634055,9.294758261381617,185,50.305332454485026,WARNING
1.4191441892869623,4.257947549312741,1.130678052141499,17,4.910803497328965,17.606173824025372,33,9.708885223388258,CRITICAL
-1.6821744719692897,0.08016854995289702,-3.2314163124712216,2,3.2623270696873163,15.893159377659432,112,69.32556337078057,WARNING
-0.5072028049924102,1.7692602041919694,-0.8658844366132257,5,0.6326939979369305,27.864785379538322,91,58.3179011262287,WARNING
-1.4350314313405546,0.6677543857989641,-2.8057375483067295,25,2.334083841858865,20.89245166057517,100,23.47265544111247,CRITICAL
-0.9020624117912368,-0.3698295600938154,-1.762784191839019,8,2.748568206342348,5.536991416030874,235,57.00607294042708,WARNING
0.10720410878819298,0.35190930912626217,-0.796250876708438,3,2.8574027319249153,0.612022849761229,61,100.0,SAFE
-1.6451227955798768,-1.139583460230774,-3.5723223080783857,16,0.5566031599117414,9.805789899398427,186,50.276535585525494,WARNING
3.430870275262534,6.008946147685048,1.5194468726492378,6,3.364167915984435,14.946040700775393,141,1.7577437270617455,CRITICAL
-1.418205311651658,-0.9541918111463081,-2.1665419184817933,5,4.511465448760533,21.19102698101991,120,45.073287274602784,CRITICAL
2.886168844356929,4.7524166854492975,1.0155827540069293,28,4.811141163642806,28.221120339695304,189,0.0,CRITICAL
-1.3533504598265584,0.4169685218467607,-1.6881210782091107,3,2.7394297224970057,18.105101098549202,202,59.37818262388312,WARNING
3.571638822189927,4.738176355534165,2.675767660609676,3,3.5091728604963293,1.9639074813598245,156,50.65693510632078,WARNING
-0.5632918643778391,0.001728692237169871,-1.371861251599032,11,0.7638088325019718,29.470368978632532,275,33.10907362726341,CRITICAL
3.458008378430904,5.975194988633392,3.2604476382018017,16,0.90929063398992,19.6441240580126,299,0.6299669724022436,CRITICAL
2.2132354467477953,4.484005859722923,0.926838433665707,9,1.9414238900664484,13.437137103868114,131,22.92959153236801,CRITICAL
1.7580356490456701,2.8892364934465427,0.7771049626935045,15,0.9694332588226735,16.837589774453154,229,18.058975823045863,CRITICAL
3.9537241512399888,6.26625235952673,2.5559208438391137,16,4.240657409186262,5.64236706795838,75,0.0,CRITICAL
1.5248191541962939,3.153180249088887,0.24295429780931022,23,0.7158021398210123,0.8388930664675387,185,38.84901390882127,CRITICAL
0.1105936600649553,2.5818320457734565,-1.2577370849422198,13,3.8234303913093113,15.71953315642941,121,22.087455836744898,CRITICAL
4.072465818325084,5.444167087548573,3.7010550328235436,7,3.705847605626265,2.1889044450300723,134,41.952752084041904,CRITICAL
1.4268719840238004,1.5625736311732663,0.6638945298676724,28,3.6022528411707992,27.729367082664744,32,16.04395798149611,CRITICAL
1.957565150274533,2.9498172390090844,1.6034496494207935,12,4.219574950841615,11.153513323720624,235,30.44756786196895,CRITICAL
6.342664027891505,8.988498397599606,5.496982827262096,18,3.6957759289953493,27.062634369624497,188,0.0,CRITICAL
3.2720862770081913,4.089931086805674,1.891523762789095,13,4.205997145633245,11.313952865768972,127,13.167246414663294,CRITICAL
0.929298948649711,2.8089102402189545,0.13836200115795583,22,3.9520697371741895,3.8666474065846987,144,27.705243545591614,CRITICAL
6.955950233658284,7.155451178496776,5.882070822923831,5,4.7457640605451035,7.694974904205769,233,2.8480678451255024,CRITICAL
-0.2813662461323372,0.5031313228138168,-1.8033448199225401,12,4.202948663273441,26.52079676139193,74,35.54749986875461,CRITICAL
7.977792316514819,9.384663280955964,7.759104527202715,7,0.671140654004561,11.641915481793507,72,32.62541411024457,CRITICAL
6.076604134250503,7.390929818671557,5.7910867182199794,19,3.9610695405657106,19.886302858654165,287,0.0,CRITICAL
4.589606554946225,6.296010607938639,2.6924277239543826,10,4.367693999982363,7.524064985328862,119,13.50117217466499,CRITICAL
-0.7961042120354112,0.3778313811829679,-1.102299246819807,9,2.775175685334371,6.757067930094111,129,68.35888629093857,WARNING
5.202652471862096,7.732919380696437,3.9993323630824777,9,3.0058390924702656,4.300903502208742,192,17.567131274295285,CRITICAL
2.1085769712238616,3.7113982695577556,0.8714045207934318,5,3.758357131463308,9.64968779020879,49,68.43486476700899,WARNING
4.9060669468127545,6.59420191639928,3.2786548155698942,24,3.0512964989124933,25.710090374466343,48,0.0,CRITICAL
-1.5564559242221707,1.1759784485999105,-3.4308777974860645,20,2.2372463701002894,20.56829958022738,228,14.49671208189734,CRITICAL
2.488416443958984,4.326241949022867,1.7981239368450046,20,2.5474292647546593,27.582795671800543,108,4.542231972251435,CRITICAL
4.434317552935079,6.627253157708984,2.5082381758892986,12,4.996132162641356,26.458124703239644,218,0.0,CRITICAL
0.5904195221714885,0.7180841878987774,-0.23032337865731733,28,2.9367433662159472,6.809568327849215,235,26.25024220646436,CRITICAL
5.028961793375784,7.679827171257735,4.107798715224897,14,2.497517997664836,11.65328565169509,216,0.0,CRITICAL
5.649683848243768,6.387705197039644,4.22450412547324,18,1.3757087198348525,26.20818407743576,216,0.0,CRITICAL
1.289233097245038,2.513857366882875,0.0012330007615246608,6,2.267733023583827,14.106973508443723,261,33.00320274417669,CRITICAL
2.997327370452859,4.868115640958775,2.8955559532014847,6,2.01957418756648,26.697739621263594,226,4.371219762973551,CRITICAL
0.5907029143116724,0.6622091022416963,0.17779635123871285,18,3.501470918026071,8.199599456108931,109,58.41238141073856,WARNING
1.4504148564573631,1.9024646276609791,0.8174334746151708,7,4.4061354460052815,3.916652522076723,279,53.16214603262827,WARNING
3.5981213046636853,5.804074171666894,1.846288163287583,21,0.9367907571891707,1.9607712520100307,40,25.08668682874529,CRITICAL
7.263004626704267,8.202886270317604,5.459397112848923,6,3.8461293777653065,28.738697516846326,187,0.0,CRITICAL
0.17764037653349396,1.9279859397779067,-1.4788686421054897,15,2.023793475078154,5.256539871485764,185,51.0149948896718,WARNING
1.3713253360902842,1.8273760188269954,0.5409535968452202,17,4.596041707562655,12.290396725747083,270,16.998626141496228,CRITICAL
-0.3125923265532986,0.4355770652603831,-0.539313205986887,30,1.1599083065340792,13.347116655946282,50,31.35598740579425,CRITICAL
0.2856948587065826,0.797068731027043,0.24578661966717097,22,4.944978733962645,10.871526881517957,255,15.848912043266761,CRITICAL
-0.908998007446524,2.0018921133823806,-2.80220616355183,18,2.047229684779177,10.193299499410829,73,58.86490705385567,WARNING
4.500522705814733,5.681369961329981,4.201550708449798,29,4.059353923960513,20.067115991666572,194,0.0,CRITICAL
2.7566912002307964,3.8208267502561823,0.7895493663395587,15,0.5717999063311505,26.73143094561757,243,9.917018053610635,CRITICAL
0.19129587044952023,1.7315642606336952,-1.7727769161265063,28,4.62166275162622,14.6882715043204,115,15.52011070023515,CRITICAL
-0.567176429904332,0.7796167745556761,-1.433075774252015,1,1.7277644714339768,29.85290089840406,264,41.594105219859195,CRITICAL
7.360200128639066,10.139835594324412,7.338844369515484,18,0.5864547145530363,11.420133456507859,270,0.0,CRITICAL
-1.7841010527928947,0.30646722240116775,-2.455370877398984,25,2.8066289711096877,29.809591945436676,247,0.0,CRITICAL
0.0527721255573681,2.210123446425829,-1.0519931732994778,15,1.767385108024078,2.499183769529465,260,49.187761148200025,CRITICAL
-1.4912281868394393,-0.5353864176773402,-2.5088107508330593,3,0.6035335633784371,3.855774880847329,84,97.42961027282585,SAFE
5.859544038826862,6.570380027174318,5.68476988583732,2,0.5434035975782723,0.4034166939191919,204,33.70159595526095,CRITICAL
6.1306318925933665,8.744680030163757,5.209105898188173,27,1.9890528696596048,19.948142120055717,92,0.0,CRITICAL
-1.1677103549456014,1.6119754347249464,-1.5388599707654114,22,4.7812636450837305,0.1152340545436803,149,32.10219040885558,CRITICAL
2.3018750583862637,4.178230278674305,1.9165978843300302,26,1.3878488927116193,29.6378873650656,125,0.0,CRITICAL
2.3893884573650057,4.972085239296816,1.5043558008007725,16,0.5284102623016562,5.275527382088532,131,22.63261594950354,CRITICAL
3.2690598908960116,3.8370966565004854,3.0210392761696454,24,0.8410089190817869,5.611441623110243,194,32.562862410543886,CRITICAL
-0.6337067263235048,1.8744144868214876,-1.2271457182509193,13,2.779945041110198,8.562090445665616,248,42.50949798706685,CRITICAL
3.0349153449700084,5.706583568294554,1.6678532940959514,9,3.894336921913093,1.9396001238270622,62,51.93923048259491,WARNING
6.778250620428603,8.068534957828911,5.430180568692459,28,3.7224937007329912,0.35996831443182775,75,0.18398047895272152,CRITICAL
2.6283166520148535,4.722544584730585,1.4173029373706072,30,0.7964546573266764,7.873119129348305,193,9.507869508721868,CRITICAL
2.453155881656648,3.95224067394833,0.926330923196802,10,2.956626050143975,22.349080634925897,146,30.872291264724204,CRITICAL
-1.743803097716066,-0.34896864902144986,-2.6670835353698426,29,4.0831324406651195,28.356394165518,236,0.0,CRITICAL
3.3945374249395392,3.8207860961551448,1.8934332580508826,13,4.773353473172778,26.200852797798518,192,0.0,CRITICAL
4.828550249857834,6.131694051950246,3.1937406565711397,28,1.277509768900826,17.788114908198175,124,0.0,CRITICAL
-1.9016638074237868,-1.0889935615681452,-2.297176776048627,15,2.2650435396464426,9.105663932065251,172,52.2773929081817,WARNING
0.9192086282443253,2.2177773561050937,-0.9754531537163571,5,2.693039636022967,19.973676069027277,210,49.614394166023395,CRITICAL
-1.5985635242037335,-0.16846277161572254,-2.177207235733075,7,2.8344321492688422,14.82694763026134,140,54.163454137035224,WARNING
-1.9221944381211677,-1.4463872480624782,-3.183112508655217,21,3.2831608387119204,18.348802802379588,96,27.296367204330647,CRITICAL
0.04658344647691015,2.112126946008452,-0.20968358509685525,18,4.86693817474584,1.8937497625596322,258,28.700085164383097,CRITICAL
-0.5233408864085682,1.5415044423718072,-2.3436331338212764,28,1.9064166870148584,27.47213733982443,273,2.868061384598265,CRITICAL
1.3299744877557753,2.3231566484237653,0.9412189441981342,4,4.8446325506884405,23.447853691730288,147,27.0810488308098,CRITICAL
1.656322698459828,2.4036198920597953,0.5297266578868192,28,0.5872878090334697,15.328813988133108,78,23.84143343196752,CRITICAL
-1.109867246883795,0.4778394342546417,-2.0352457721796453,28,4.509097578094521,28.748182370027934,166,0.0,CRITICAL
6.849728453018157,8.98545130945967,6.122163539271848,24,0.7655956382443098,7.3975684992968995,31,0.0,CRITICAL
2.9490206817084186,3.387381271086394,2.403505547423511,10,2.681139714522515,9.425048367255409,132,63.241364420259636,WARNING
1.8750494653669767,3.6678110282451994,1.6343246291423676,23,0.772533281219951,26.54315073675135,298,0.0,CRITICAL
-0.30526245020807696,0.9637115269250947,-1.9424355195167902,0,1.8417965596500445,6.127200754894226,181,75.25283694482007,WARNING
1.9098097969884398,2.1459388134615462,0.9799308353091467,29,4.96840888011654,13.400552859728753,225,0.0,CRITICAL
1.5630703916015896,1.8863050079013746,1.0159662794541506,8,1.3900131000454372,18.196274143457448,175,51.62901092965009,WARNING
-1.228785902732445,-0.8570410751246462,-2.9642612987477617,17,2.646956817505501,4.252585243121249,222,55.50127119015643,WARNING
1.7733420327719873,2.959955127086885,1.1201211018815158,26,3.9223917510763027,19.308629322702195,195,7.656168889737976,CRITICAL
1.4111777710638105,1.5787553221331447,-0.023362690143581055,4,2.7350447422821116,27.808462024009522,101,56.51569926010469,WARNING
1.1366835011563476,1.841724293350194,-0.3726356308187804,11,2.0217112218232023,12.379253657960838,65,64.9245570153415,WARNING
1.270668285883238,3.1961244101978,0.47868794935740144,4,2.966438838860443,2.6842116894641856,136,79.4849814593092,WARNING
-1.3085051135973305,-0.5262410397919056,-1.787035864118069,20,3.5758487210391503,0.7267559437043436,145,56.786932322561356,WARNING
-1.746944745525678,1.1029533205322737,-3.655786785684235,4,2.752627435606461,9.688507628632767,232,65.19255731331161,WARNING
2.5932200531500307,4.602146274462811,1.1989705630239766,17,0.805826914910861,6.003732068017571,48,32.08836609344974,CRITICAL
6.509121055924425,8.253870703638182,5.772884595281184,28,4.230665044775652,11.915444704766198,107,0.0,CRITICAL
3.491203976914873,4.335455421827874,2.3786785380354343,16,2.247889036084599,25.04467029905004,161,0.0,CRITICAL
-0.03765149870836204,0.31985148294982757,-0.6084149592796775,0,2.5049454921123036,29.03204321520223,292,42.70016665799102,CRITICAL
4.937260322445475,5.257449196663642,3.071093240936923,6,1.400641857973611,17.10620926373508,182,28.32929698301478,CRITICAL
2.045237997815419,4.4988188758206835,1.3233613547570628,1,3.4152353988403776,6.894301451782862,159,39.16806057923283,CRITICAL
7.147935963456301,9.729009992676911,6.735230564366358,30,3.7397394645852797,21.599078251576152,264,0.0,CRITICAL
5.458411286777838,7.1409008889727215,4.887726335308488,21,4.358115630002419,7.455553355293151,84,0.0,CRITICAL
3.1160883917450874,5.687586324072147,1.2225141647363973,29,0.500042657297175,13.351818408389594,111,0.9723266999079163,CRITICAL
0.20829858848342164,3.1211191830139513,-1.2753943835276176,11,0.8424477596573834,12.524610903924547,41,52.97469927150337,WARNING
3.70919041569254,5.079973363161128,1.8446991334773923,25,4.61554728762058,3.609750625358452,45,18.80290567361139,CRITICAL
3.562933835614296,5.737360925487315,2.652444680712318,28,3.1089965338046373,16.723344387069616,168,0.0,CRITICAL
6.459007596719818,7.105434320583549,5.663929726261166,12,0.6345415165068597,14.92270307969023,268,0.0,CRITICAL
3.8374427115888468,3.9695438448298304,3.711422221070204,24,4.443691218373948,21.29705234205021,275,0.0,CRITICAL
-0.3962933708244769,2.4932754543606332,-0.7724330002304893,22,2.515951072026734,0.05845762696209178,52,53.73520885133833,WARNING
3.012354889079848,5.868794182321653,2.0352996405814716,7,3.720061956480552,22.27577895983186,176,0.6403479492974276,CRITICAL
1.588294462887815,3.0057200106796254,1.260505031475782,21,4.5581940201723965,21.785958085438025,104,0.0,CRITICAL
1.8358851081187009,3.576520482346892,1.0916652764808987,11,3.9529097997845923,4.428995582661214,283,53.75710697041963,WARNING
0.4469546687749997,0.7062913475068558,-0.059445944484857405,4,1.9976183411571071,10.760060693054825,268,69.50768744600589,WARNING
1.2352707622259835,3.9044934831490137,0.5483632397509663,29,4.368701941685478,18.75188428425427,204,0.0,CRITICAL
6.993677741799227,7.412241643668405,5.3611613011651285,6,4.211084769066174,11.890505272539718,244,0.0,CRITICAL
3.943023599746091,5.501730138955621,2.7920944169180153,8,4.705273695118863,19.939108180021464,114,22.397112639753693,CRITICAL
2.104064138669653,3.571604114840044,1.4530895411581424,26,4.086108436286073,16.45352123758079,232,0.0,CRITICAL
4.755671789863196,5.979667133186268,3.252540758052695,3,1.516166674957514,19.317068037462402,109,48.34349279805592,CRITICAL
3.0029806007885758,5.38376258592128,1.993958427504057,3,2.7284131173014634,27.475310878203807,186,17.418333497330586,CRITICAL
0.4367192224945544,2.062619870393659,0.243544771626923,26,1.359529570533151,0.4865998844275121,181,36.21075534873362,CRITICAL
-0.8857152986083956,-0.6717068466022229,-1.3925831015352839,30,1.0352881990270972,28.346238290707976,236,0.0,CRITICAL
1.5853651747203825,2.710112984676942,0.9777919571417946,19,3.15360858394206,14.353184543971626,51,33.79117422486346,CRITICAL
3.8620807691597054,4.916571641580977,3.350516414551773,15,4.37528692625644,11.512658168282645,80,19.227016693993743,CRITICAL
1.5227483043178194,4.370115232731978,0.153051963007252,0,2.209852827146814,28.88304780888149,74,29.74871786327335,CRITICAL
6.621393175074088,8.768218644313862,4.776771396138811,14,2.2093300213719527,10.121480951021306,270,0.0,CRITICAL
-0.141118531556766,2.4228080486457904,-0.5742292397594446,13,0.9272919226163832,20.514713405456575,44,29.355381839446316,CRITICAL
0.6665798307552757,2.056119764140405,-0.7276822679899801,12,4.105884549486727,16.069887724601248,54,37.53204305363156,CRITICAL
-1.293988598962878,-0.7722325630777735,-2.197440463285741,27,1.2323578274188502,8.708599716675357,199,39.26731602174599,CRITICAL
2.1208441475687705,2.351306099639433,1.1565517630896136,7,0.5256162490164227,23.272203447937393,120,42.72462668841478,CRITICAL
4.700352052806526,6.749451459039281,3.009275215425535,7,3.712225768722585,24.252555303449935,89,0.0,CRITICAL
-1.1647681534886807,1.6752491340608293,-2.2903096620392978,14,2.732655474171343,23.830120570716527,250,10.205376051992834,CRITICAL
1.1510513230125365,3.055547319476237,0.9383951019412846,15,0.6509158742059761,13.088733752954354,246,15.669385497657608,CRITICAL
-1.4765422673772766,0.5175646740911986,-2.4257932992726605,16,4.636735030223011,27.19848720607186,100,16.210108773716485,CRITICAL
-1.0280280670652904,0.9658947818563595,-1.9202323019613237,17,2.1799258962881423,7.890200498226225,64,69.70865374729024,WARNING
1.9375761830289742,2.285125663817382,1.8580646563214398,6,1.1632425401474829,3.9964446604197046,230,55.1119362094893,WARNING
-1.64003608330208,-1.3017783341194282,-2.9718584676876585,18,2.887336846738001,9.100324335780286,100,63.19529197519508,WARNING
-0.537943116102263,0.10274003989633207,-1.8660158201009411,15,2.6543045898046436,2.9714104173521627,228,55.5303254450408,WARNING
1.762178773048646,1.9749343893435154,0.42801407720525386,27,2.794405517386733,25.835564231988343,64,19.776883983119173,CRITICAL
3.8236635940919745,5.704486418482514,2.996646348802724,20,2.127751311058092,6.760261467391766,164,24.063914646183925,CRITICAL
4.602437897795141,5.786324411527482,4.217226509450734,23,4.6885099163768444,11.723286833575738,145,0.0,CRITICAL
-1.2360418969676288,1.1353608847024783,-3.0135301793878444,20,4.42342037260112,19.060333629835796,153,25.98978851148922,CRITICAL
-0.27423392994105167,1.0239906518330142,-0.3360619533943534,2,3.0275900280609127,21.134231215339256,104,54.72918072651328,WARNING
-1.7603087111031506,-0.9178082748454212,-3.060642431650281,29,2.036671853555262,25.08973416729814,197,14.193267919729788,CRITICAL
3.1322734183890795,4.595635949442217,1.6174380030382989,26,3.598032602317817,20.857486850065218,100,0.0,CRITICAL
-1.454073830332276,-0.4268437568339576,-2.4880689910366303,20,0.7832046682549134,18.873641178357218,168,43.74751517839334,CRITICAL
7.634099189408526,8.606592247267864,7.155269603409053,6,2.0683094700838107,9.190428970421822,201,10.176717614836999,CRITICAL
0.4692354624802828,1.7407797998203833,-0.8489867948410865,24,3.2587417886218186,23.60680151118584,181,0.0,CRITICAL
2.115877957410526,3.774587535354115,1.7069489849571908,14,3.1178706164695846,5.20246828732135,179,38.38595359377765,CRITICAL
-0.7655970484853727,1.7255707427926632,-1.1317527158987453,20,4.143098710002754,11.249958704181122,230,29.843433180230964,CRITICAL
-0.37555703822595277,1.236668807410462,-0.6682368734072741,19,0.8242261047393873,3.7328783347860783,222,58.13114527990545,WARNING
3.944640443175702,6.747006437364134,2.0890290220815286,14,4.706379584661438,16.51932558050385,171,0.0,CRITICAL
0.5229591667290032,3.46769208072321,-0.7332662848253049,15,3.1787229849871714,14.291044645869484,228,10.131419801670669,CRITICAL
6.8006221056468705,9.78319203980271,6.718552874864262,2,1.7481020985810256,16.45472098929196,167,11.274221150865454,CRITICAL
-1.424656245451519,-0.15486460798110824,-1.5045310126851221,21,3.049553027521517,0.2956829469126532,202,36.76836261334717,CRITICAL
2.3174317454028337,3.039472560245602,1.8765565337718948,19,3.067776951065432,8.002073301639749,211,30.40767996284085,CRITICAL
-1.0897826244106563,-0.1396292416395395,-1.5295272335854193,25,4.848798708714821,11.4981598116028,38,39.54473317864506,CRITICAL
-1.4529334945422294,1.4830839958019524,-1.9923918112491004,15,1.0605347486628325,7.385788599859683,238,42.20973486021344,CRITICAL
3.8677155493805384,4.5287404017637645,3.6529417304828087,7,3.52022717437315,13.055798466422608,227,6.461652056380197,CRITICAL
-0.6069156184628632,0.6186882238050899,-1.4951817563388903,4,3.8262397497634053,11.534265618902378,224,57.23026589611654,WARNING
6.36655581338405,7.676506681936699,4.616262386811736,10,1.949360073307314,14.970964530309885,228,0.0,CRITICAL
1.6393236162723412,3.749692778772774,0.43741652040882406,22,3.5747529990933034,5.0514495644129696,236,9.071309105897573,CRITICAL
-0.11472931415145937,0.631567666414337,-0.696086940745356,7,2.207498268797698,26.33191700347804,42,51.86492174381506,WARNING
1.379854675117413,1.5739395530609392,-0.04628466170850376,0,2.249914452973413,10.35552450109733,225,65.20494121990781,WARNING
0.6177510942896518,1.8901645437885337,-0.25697359565482003,11,1.528505762748773,10.997842605024271,163,69.78530750856535,WARNING
-0.9887500605373043,0.9462767829472567,-2.1869605015743714,25,1.3807050347817054,1.0887991590413792,225,38.64571839928467,CRITICAL
7.579249589098754,7.856379930973933,6.188623999715747,1,1.6267600346852027,15.757616072597374,160,14.531008314268986,CRITICAL
-0.24108313881006693,0.594457242360937,-2.0730088913607294,7,2.342589694277887,4.998863902801565,64,87.318156352029,SAFE
6.27310956206548,8.625898424766863,4.36543179438926,30,3.8349271997194565,8.647289771125884,270,0.0,CRITICAL
7.0386436492704645,7.624798667539757,5.613585521672783,2,3.977763410335752,8.071323890378272,121,22.33953324885199,CRITICAL
2.6743559001030235,3.781147673315169,2.316507939024162,17,4.694675470446275,7.369396266395231,34,38.25477859790678,CRITICAL
-0.969232718660699,1.4706845779735713,-1.9710588932851083,28,0.7558253204235845,4.0484731272610865,54,59.69066889255564,WARNING
6.04484553017765,7.146418078936585,4.478530620134216,14,1.6060501415077497,5.254350165324474,86,17.13429691256693,CRITICAL
-1.0274785917936515,-0.9006579813209273,-2.9931911894234533,4,0.5025802611739278,13.823181136450106,280,56.77525414185662,WARNING
0.3701015211782934,1.5817969066520967,-0.6800000491093545,30,3.4130896422623396,15.589684401587132,237,9.516312617915109,CRITICAL
1.1408224971683367,2.6502801417931994,0.1413690996821293,25,0.6638750317023587,2.2025121598984754,218,33.41946015495376,CRITICAL
-1.306782829565,-0.1590659860208099,-1.9058187538450386,0,1.915453312490114,5.961085427622059,38,87.15570430722367,SAFE
2.650432346990123,4.000253650742124,1.4695725161557898,24,3.871513904104404,19.472139580643294,184,0.0,CRITICAL
-1.1461080305407332,1.5648829967926912,-1.651947936976578,12,2.598570717185782,13.956141107879679,134,54.63299305218563,WARNING
7.738627156076486,10.429743756709664,5.893133703806383,9,2.183160388760544,10.516653313880282,227,13.870465282606483,CRITICAL
4.469755185945868,6.933037842151197,3.366541734484253,1,4.702897305906628,26.058871115857634,275,0.0,CRITICAL
-0.011285773211152872,1.508866896172702,-0.03339814263078056,3,1.1567256253176903,21.333150691149406,168,45.598869623592755,CRITICAL
1.0570402243149486,2.170839521174001,0.16032290835185847,10,4.093300284878665,13.808729130087585,197,27.84927169739958,CRITICAL
-1.6945019006181978,-1.3246085162614079,-2.571297591251442,15,2.450336794826227,15.419149257873574,289,25.672891810435395,CRITICAL
3.808776743113846,4.942551709044249,2.487544219877107,14,3.7915242482084466,19.05614069114011,103,8.422112417378184,CRITICAL
4.919447678169601,6.102645896669564,4.8356643787829,9,0.5545162990020098,3.98826067026558,244,20.692948787932416,CRITICAL
0.5055343121054019,0.9604736721334189,-0.5885776306654789,8,4.956918322461252,6.318479552991757,63,61.63391440055077,WARNING
-1.7752340466302179,0.5858024119683602,-2.213422949191683,29,4.915387710520757,27.74465352429713,282,0.0,CRITICAL
2.0165028330507697,3.0447142392995405,0.5606590419912441,11,4.327672240213814,28.67005280178571,162,15.77043455530469,CRITICAL
1.287552158050401,3.5138861859352986,0.02450311187758114,10,2.870191199333909,20.032555836876618,296,21.82601431600486,CRITICAL
2.8371337619654975,3.5730233806498237,1.207270052422967,13,2.67528184670842,9.844608740495154,290,33.005689494227944,CRITICAL
3.836566868019556,3.990426579132393,2.653181178457854,25,4.3840666164412365,3.194904064551516,105,35.550140829654424,CRITICAL
7.780883984593228,9.17392671822916,7.474367472466728,3,3.638217757939858,15.17530970938345,241,0.0,CRITICAL
0.5157491818028479,0.7591367894926647,0.19085823113710365,15,4.768212312294873,19.88647007934464,190,29.2612450487395,CRITICAL
-1.6585817738343736,-0.36207864376993215,-2.487027573083399,0,2.0020363421676537,11.111402910551368,187,77.35682319749296,WARNING
3.2746350615232522,6.149457850872167,2.097788613727197,12,2.4354753481039797,7.053339843407478,154,21.105727240780702,CRITICAL
4.635714493447766,5.7662574315579675,4.469957744821238,2,0.8703961602067521,22.122906224837124,106,30.403704526166813,CRITICAL
7.850301064312062,10.274596542567739,6.554361542047348,1,0.509392675909673,5.327192105207881,98,37.91423030076184,CRITICAL
3.0614787206098573,5.81572942943032,1.661509957060969,21,3.073987650825387,1.2128949534643196,188,10.301417388019807,CRITICAL
-1.766346514389715,1.1982074908646514,-2.99507319944004,26,4.651480036714052,23.68628051205003,230,0.0,CRITICAL
0.9421605366858152,1.8164458460475208,-0.731539118341686,2,4.2431099732020225,8.533345640886425,63,74.62336567090212,WARNING
6.8803758360424165,8.42505019745286,5.887544790556628,7,3.600644124870275,0.9610121086374235,203,13.650085759372004,CRITICAL
2.1694526287612454,3.24570839621928,1.1517008708653176,9,3.440702372606534,24.4391406478943,244,15.069658646769605,CRITICAL
-0.589249485987835,0.33872879865997296,-1.242468786653501,7,2.5757904288861457,21.097038422946426,48,45.794531260337536,CRITICAL
3.538372471862499,4.885133045684231,3.2397188286899707,2,1.7711386752624074,9.981846367059454,193,50.7927030503194,WARNING
2.3118428803204036,2.6796983903586886,1.0232208337861435,30,3.522383108619906,21.881413665638295,184,0.0,CRITICAL
-0.7413687305633887,-0.639860343440132,-1.054430644274136,6,2.0528853967580876,1.467365480522701,159,78.89559069175739,WARNING
2.87511285383777,5.774770439998585,1.3076632884697477,27,1.9561081232373052,3.9870976244914216,197,22.45281256487199,CRITICAL
2.244307223961431,5.11850256681867,0.7412790015410851,27,3.6493486115919684,0.22316110190171434,114,26.542895723179008,CRITICAL
0.49480620443297907,3.4599127289873866,0.19847065564429056,28,1.1315344354518144,15.383532331270388,283,9.570626115639678,CRITICAL
3.4438413770014966,4.697451959020492,1.9021214931836878,20,2.1232738919641334,10.288889810489554,220,13.37179817279706,CRITICAL
-1.3724164895952484,1.5354057654739977,-1.7758429462114975,4,1.9963306379437493,19.759969232478905,288,52.734460348700665,WARNING
0.3441411505454641,2.115604543498974,-1.5090153059879754,6,2.4572194774724783,28.49450820638338,50,39.54952500493396,CRITICAL
2.3146432455319967,3.9310200030820153,0.8030960905028732,1,1.7801855168992604,0.5374470518536034,62,89.74517567675954,SAFE
3.2694062479098935,6.011721865509257,2.051885331866707,7,4.653902813183575,25.04406510089941,144,0.0,CRITICAL
-0.1983049560406871,-0.08217353523308113,-0.6572508065982561,28,3.108036757585694,11.84437735349668,32,42.30742818334854,CRITICAL
-1.7567351212292497,-0.4089853238482368,-2.550695483935589,13,0.714936906947706,2.2831713711599644,170,65.35257636118119,WARNING
3.3969633525555993,3.4459935634175762,1.6598714990472871,23,4.075833744932015,19.200589609442762,186,2.6890086084786784,CRITICAL
1.9798851632116294,3.720413893069459,0.9117051436349521,17,1.7940071225802345,3.4761497799829866,150,59.256291537678024,WARNING
0.33415911618268623,0.8658692687728845,-0.9780459481178669,0,3.5828781830724488,2.390306739980316,155,86.46578558384363,SAFE
6.7470512364438395,7.521630891875557,5.432136901247872,21,1.6569161889708814,4.855844133933158,248,0.0,CRITICAL
7.658707353799734,8.587184626143781,6.574068271076512,17,3.3756017186392393,2.286773171159684,109,20.732211598861284,CRITICAL
4.197757090105946,6.533751701123489,2.608904047407326,30,1.7152299794789143,5.369114156075733,261,0.0,CRITICAL
1.0027784451544184,2.6065541058174544,-0.01878075039533056,15,3.5059927013862655,8.349017005897387,72,45.56259061314166,CRITICAL
7.033009491462266,8.66892285482081,6.532457660852897,0,4.599139702412928,18.61025910177275,74,14.921229784446432,CRITICAL
-1.0262472117328825,0.5400129133502498,-2.405306817552007,6,2.6541066017747736,27.741416787500906,209,25.297891075922607,CRITICAL
3.1210373516058123,4.418242012309859,1.5064872749956681,24,4.1531424396564605,6.3707994299060875,127,0.0,CRITICAL
0.9005387622176126,2.9926028314343234,-1.0517357688044329,23,1.5203803982980566,19.710771501167763,283,5.574577657195851,CRITICAL
0.7471191162143169,1.853731527335888,-1.0528219473382507,1,2.538092384832817,0.11165221876039078,211,75.1712132981168,WARNING
1.9874814421200773,3.0036582861104706,0.48801609820486647,0,4.8631267839540975,25.86020539629786,73,31.340796190725445,CRITICAL
-1.4241358670004391,0.8742395856780747,-2.609906872389091,15,2.7245543374950643,29.884070355803797,204,11.1975304502954,CRITICAL
2.8649758264040983,4.779216707841167,2.372900676509471,17,4.19974059175985,8.80353950834396,84,15.549130062688038,CRITICAL
-0.19876930125846037,0.2119891425718533,-0.715332103091812,12,4.996763349985073,8.420042471574513,240,49.81310263830403,CRITICAL
3.8507773368490774,5.345638477138648,2.3735205425779045,13,0.6022950605874133,29.437615935166598,197,0.0,CRITICAL
5.624771729219944,7.423409548172666,5.424526492427795,3,0.9282076946338705,7.925995536446297,200,28.183117277056603,CRITICAL
-1.2576382078549737,0.4890463836254808,-1.4153159362623473,1,1.7443170391149692,25.244015774272622,70,63.11577101892336,WARNING
1.2936190039758073,3.3650656584609275,0.6992062017218545,17,3.460548693976978,3.01307154342364,236,39.52301930865551,CRITICAL
-1.7555754194307842,-0.4950619477759637,-3.071370443665832,8,3.8349244463014647,4.106749013531406,78,86.48983825331152,SAFE
5.384885439370753,6.792554793068215,4.662629041080526,17,0.9810092016255116,4.76420840416562,156,10.820088783954294,CRITICAL
-0.9897211558314027,0.7173245192532802,-2.723105543084237,20,4.155116968421673,14.109470222536743,94,31.69369583859009,CRITICAL
3.743749342360003,5.272802700466016,1.7644556471499262,0,3.566350414256662,26.25218226164156,126,11.92652807739107,CRITICAL
-0.5725297901315249,1.2672440808778758,-1.3494120689385658,26,2.8750151568440967,10.328036055611932,237,34.73721493711845,CRITICAL
0.46925811070559487,1.2773388267425405,-0.7635115850553105,28,1.060919632621628,12.606725526228386,284,10.014526395336974,CRITICAL
-1.3123356816674046,0.9280212237840766,-2.6949356036120085,18,1.329610695429206,19.22461679135355,91,54.6717436366546,WARNING
-0.5073192060389264,0.18524774751906337,-1.0073111556102996,1,3.7906361805267377,20.522045059811795,98,56.65219894186673,WARNING
3.0140883271341394,3.644703219912756,2.7925396680781507,22,0.5619196471579464,3.2086095976882376,135,39.4707450378227,CRITICAL
-1.1180746678569526,-0.748342194018598,-1.8555883191849143,13,2.204260878025301,15.565977993677823,170,39.43411772423384,CRITICAL
-0.7907063577582139,-0.17036196355394684,-1.497062736969173,27,3.4963564713411857,28.402954786040684,154,1.8991333312476808,CRITICAL
3.69485805663008,4.4511918474179275,2.828271275134531,5,0.7763206959982877,26.66810069241152,60,32.483243156876235,CRITICAL
3.552082429874934,4.413712239478726,2.9851900849333166,5,2.417685292368688,0.4130285545961454,63,70.8648445050738,WARNING
0.08705787225942396,1.4350870879139461,-1.2898039363959544,8,4.277605858786094,28.90524530200546,168,21.604582926657073,CRITICAL
-0.6766060543896582,-0.6251687335088917,-1.1454479892675955,15,2.230617422498226,29.594793531711847,290,16.418884987680336,CRITICAL
-1.131846989252073,-0.01934475284046666,-1.6414693498676223,3,1.7231544955001086,19.748814519453166,188,67.4640292975094,WARNING
-1.8782026292547094,0.7762232400414646,-2.360654170958286,9,1.6344444538928244,7.3288258368678925,123,71.27519335575676,WARNING
7.793107584847884,8.77523761543132,6.413832027900794,17,2.3887677196843904,10.238887667982393,276,0.0,CRITICAL
-1.3492025852522733,0.9432840620745688,-1.8515380099143108,25,1.7237370285232783,5.984001300226234,235,31.698362815522405,CRITICAL
3.7639239252316496,4.834586440754709,3.0040808965692296,19,1.383209347770786,7.346521837573137,53,38.57796440542847,CRITICAL
0.14128392061816886,1.7387418808683046,-0.8450171770665971,13,4.808758080236306,0.49294122078924363,69,56.03192415573887,WARNING
7.332757780100284,7.947635834072771,6.508038030187952,23,0.826717838360132,20.428822559812943,255,0.0,CRITICAL
4.854384917648739,4.964232513708252,4.830989261328234,18,2.3411218154523414,29.739467489811233,260,0.0,CRITICAL
-1.4391022470229442,0.3962198600264113,-1.6261225608434224,8,4.059947954062041,16.106732580010085,153,35.441705545485945,CRITICAL
2.133980182278819,4.105871244776757,0.7422424570110422,0,4.668026974716861,14.686483476400094,140,22.95722286491163,CRITICAL
5.5185022720277015,6.20648995555065,4.3671526786614665,0,2.4219757179446955,10.468764365014765,212,22.53327387961416,CRITICAL
6.6945034972396185,9.636618199714833,5.551095049417265,21,1.7386606921736212,5.162046884517526,110,0.0,CRITICAL
7.136387303809483,7.7293213042858175,6.546387367871734,1,3.477475717832159,6.768755306000904,98,27.314909005006868,CRITICAL
2.354463066707905,3.4543903049442104,0.8412842878186311,24,1.8481713850524928,20.602792299946216,108,11.879171286766825,CRITICAL
4.890430711493745,5.404556163860268,4.82017169871967,5,3.57997839371178,26.787011642833793,85,17.84827309581768,CRITICAL
5.0752641971573125,6.379119576737061,3.67588911888748,5,1.6976304554316142,15.607856001046814,198,18.86388200916761,CRITICAL
-1.055617056990764,0.542926288799964,-2.1902043034026173,30,2.5207635791002843,5.164050447407829,257,27.791753881851598,CRITICAL
6.667071975704361,8.982500571745497,6.62701648920008,12,1.8299039839943314,23.176742017741738,268,0.0,CRITICAL
6.472588104262163,9.175080923700865,6.013112456797716,22,2.9009430205302813,25.715273942015667,275,0.0,CRITICAL
1.8979316762385814,4.348044722449991,1.792268279552945,5,2.9256141777418243,6.95401284074997,94,57.40482910782108,WARNING
-1.6954509686641708,-0.06443943304003152,-1.8437968301213805,17,2.9852478718463735,10.173358736576706,77,62.596582193757605,WARNING
3.8915502966947315,5.174712417212262,2.1910602714440968,6,1.1287059308060647,23.700844024235266,75,20.179550658749207,CRITICAL
6.604599186549129,8.244778025222889,5.129116964705237,10,2.574046423590599,20.440168144474463,202,0.0,CRITICAL
2.5928766732601645,4.918789439378857,1.2111095936653258,27,4.143188672169336,0.9104222246185978,195,1.649239343222865,CRITICAL
2.4531882468449533,2.696377836881061,1.0772754435761926,15,4.788898945779947,2.947817989955629,220,25.572475775142443,CRITICAL
1.7850761748167159,1.8625999662913877,1.4855256714971707,11,1.9077981166966465,20.16535679589753,288,31.456070340414477,CRITICAL
2.5151759963693285,2.7702973141532627,0.8896442462275946,19,3.5066460527012686,16.200400622959062,177,21.911391773985486,CRITICAL
3.8786248350276433,6.168310806071137,2.8757939925676226,25,0.6910692484193395,11.383357748882707,50,0.07143686970248098,CRITICAL
3.2442657203523657,5.230377061648918,1.4726801777091043,12,2.054084732122761,10.244674329911593,215,32.238992267540894,CRITICAL
4.888605861477609,5.257432852107382,4.062661063048701,25,1.71234176160821,6.835342569053368,194,8.695662964979105,CRITICAL
-1.7060125306452525,-1.1953055444904899,-2.859662909458482,23,0.6884291916075714,21.428643250325916,270,0.0,CRITICAL
-0.7525009107415443,1.8155759445202762,-1.869025658650012,19,2.0978468212437216,29.96223070107274,299,11.84766427619507,CRITICAL
-1.612912890581261,-1.4719530854472045,-1.8577338111864932,12,1.637668034114256,15.857274038552742,300,47.385062128675855,CRITICAL
-0.4303530622015117,2.4561030814372575,-1.7179079100595394,17,4.7680034870757755,14.953416708213235,157,15.156633495826735,CRITICAL
0.2685275249860313,1.8534914273941219,0.1401956789916079,8,1.5900223567848963,20.189993768676494,102,51.966445401317074,WARNING
1.714448109771447,2.227061514799212,0.5716072527844167,21,3.5014053567311385,9.224897863188655,182,18.58592865025322,CRITICAL
-0.5437026673802985,1.6072706927970628,-1.2802156967507474,23,4.302678211610353,12.926671254755774,83,18.095850345550005,CRITICAL
7.367220962076591,9.833331714380133,6.783970321066592,20,2.25446383435297,10.640282469870531,221,0.0,CRITICAL
5.016395918602459,5.70363309313854,3.6648941055327637,10,2.9456114476496373,5.608659377805835,128,44.592184265365304,CRITICAL
3.4230342980411668,4.55484769696257,2.6006510463727466,8,4.383878829387601,15.389404351050274,288,4.162744501087921,CRITICAL
3.5448259177942494,4.269156094715966,2.1500135797256177,16,1.303045829660224,29.468998225502638,199,0.0,CRITICAL
-1.194476911469578,0.897094815810668,-2.54183248119368,10,0.668934418288118,20.604823672566106,59,54.93126026190559,WARNING
4.080667347048863,6.989863033144363,2.432792211581461,6,4.228365096211109,7.731512767178166,191,8.834802486663913,CRITICAL
-1.2669174792742735,1.1531974955839526,-2.8788134592475845,2,0.9255869999593115,17.995655638294796,299,54.66450018594054,WARNING
3.2416516693851536,6.1684224503348695,2.7594590250078372,2,3.338931180942977,5.939704587887463,140,18.34706962145824,CRITICAL
1.8641694034496021,1.9818028404211199,1.0508755462504469,1,3.7551236662699488,28.686317745715073,288,31.96666399824607,CRITICAL
3.7702058700073238,4.056129249556256,1.8487259966379355,27,2.3323887326204034,16.576494661037486,298,0.0,CRITICAL
7.1017442951563465,10.093533624447195,7.042947850828362,3,2.0056481659699124,12.450680608752657,95,28.375967561989775,CRITICAL
6.441983475435194,7.443539353484471,5.168316606288987,15,1.6874921752637264,8.50947547473928,91,19.603685716150522,CRITICAL
3.44762106607158,6.094464878411886,2.0873795603637535,12,2.1555718089926375,23.76247607450021,98,3.8588394267816124,CRITICAL
-1.542488352452464,0.8830524849659798,-3.284171545390455,20,3.973403361347518,8.605085114133983,179,44.2584408694021,CRITICAL
0.3820128081689109,2.8962084968273305,-0.7911013595704453,24,4.986198003089097,5.841177814588104,110,29.416001380651117,CRITICAL
1.6394100011273283,1.8599146554784072,0.7368261297177383,10,2.019626083837527,2.302338725080654,160,84.3377787647011,SAFE
2.1725024914450497,3.054347640769566,1.133142004936069,13,4.733004758970096,1.2856030828318887,217,31.30477957585858,CRITICAL
2.6681106593623243,4.1452372488302744,1.8771175585303759,13,4.848295491623086,22.3127143188622,295,0.0,CRITICAL
6.901533814018107,6.955440312990699,6.817216771431185,6,4.436730909765975,1.6616236836291587,134,13.613221003904172,CRITICAL
0.38698188444403936,2.841498799033039,-1.1384904887326175,12,1.1929631723618985,13.668862597498164,194,49.403092395153735,CRITICAL
-0.7228793159151492,1.5799045954308408,-1.2309331535943806,10,2.101079026119667,24.521930388315045,290,30.502913905933788,CRITICAL
6.131891446092416,7.587701905597592,4.605787479239828,20,4.560880378944286,18.635359975142464,298,0.0,CRITICAL
-0.25759505854561904,0.0898906456252958,-0.8656074501182209,17,0.5223155697595414,15.834296416896633,259,32.802432640945106,CRITICAL
7.314168418463572,10.052341245013464,5.840852182716758,16,1.1142287279185474,1.3836173441918376,149,16.451355768315686,CRITICAL
3.512373695784276,4.624062170756835,2.1301581408619463,0,3.2255692645919014,1.4247379096000201,218,46.93190501365525,CRITICAL
4.446748014009163,6.169010497437091,2.5768248244917054,22,4.979135848872256,29.756822941134274,114,0.0,CRITICAL
1.5871021914256351,4.4148750388239115,0.7456263505199019,19,3.077218663963044,11.276039973552521,181,20.302821856193138,CRITICAL
1.8504959168133164,4.088552950451037,0.49867868625671985,24,4.915560870199723,13.68606763101846,297,0.0,CRITICAL
1.211587613084797,2.363884133186307,-0.692282679947748,7,1.161193333466292,16.960196145536894,180,40.212733654104134,CRITICAL
1.0026303032340884,2.8589811675319523,-0.9470771878185784,6,4.789798168749037,26.71619032108241,85,21.849545973478733,CRITICAL
2.682009822446588,3.5653047873381434,2.3994253820920504,13,2.3189547809780993,16.79546288265914,58,39.07819104360177,CRITICAL
2.1980655203593074,3.6169981703368306,1.4020779494738955,3,2.5573167349179253,12.531109744088923,45,66.41935955300848,WARNING
5.808298280203026,8.79237390971453,5.352077571117654,19,1.4917880666703087,20.104396789344396,215,0.0,CRITICAL
3.3911313988297582,5.362908939954559,2.268824817138669,0,4.261870624009359,29.428100128032586,31,18.972507964423514,CRITICAL
3.7601232263805944,4.113539065343344,3.4752106714273694,22,3.0482052694635953,13.02444629550123,45,0.0,CRITICAL
5.95256066184883,7.0287272367553975,4.599452283399565,13,3.47413374630491,2.8049218170942747,225,0.0,CRITICAL
0.06830454201660752,2.8386888051718002,-0.364959669026111,17,2.6686808477292927,12.778614185359949,104,42.66491004752268,CRITICAL
2.843394794844298,3.853952267113701,0.9957428102954047,3,1.6336874350524342,5.761227110896694,166,68.98670491140098,WARNING
-1.106287766668165,1.2131467862116758,-2.805814844179584,8,3.317185782234911,1.216862318211106,45,85.3252996175902,SAFE
-1.0145272398702507,-1.011592701896698,-2.349959916129049,16,2.454116658879563,11.72018943145998,229,40.62604963767853,CRITICAL
-1.6690945722110302,0.6206673075427551,-2.6768932320431897,2,0.8654634729580408,5.799986827592642,201,73.23560543131028,WARNING
7.726717586302103,8.852291903753201,7.6147450812680795,20,1.7566118416225158,8.791037417172344,67,18.57836818231123,CRITICAL
-0.07164330537661057,2.2493196566217297,-1.7974402974034347,16,1.3815478192514397,17.473873112221888,256,21.420732171173018,CRITICAL
4.84180528746958,6.75431393043663,4.301562272525713,28,2.728709578386865,13.280848324038619,174,0.0,CRITICAL
-1.6509080060877492,1.0053985394916207,-3.1029504278342896,24,4.383573363366779,20.141802757239812,100,3.4455048307375966,CRITICAL
7.362241718623567,9.537206220154758,5.710229661406515,29,2.230129317595849,1.4308534522315386,112,10.654213704115175,CRITICAL
6.888699384910832,6.956904593926415,5.015550429148722,21,2.9009121185734554,2.0147428595193393,129,0.0,CRITICAL
3.663328355334447,6.457488221776236,2.9475704829478886,29,1.2706182033701507,10.342233609218756,235,0.0,CRITICAL
3.053206913356372,5.601843372083588,1.2549790383078852,5,3.5511471365202554,2.3578375435457746,113,57.0046444222204,WARNING
-1.324279834976596,-0.6103608922010033,-2.350868691845701,21,1.9299017235309126,14.031831285897212,206,13.75981108257653,CRITICAL
-0.8576768092101641,1.8165248208727738,-1.9480543977315277,9,1.6906940241642117,1.4755262567073024,116,93.64557978352953,SAFE
4.977942708656807,6.508748573057996,3.031785568856894,3,2.4402188490276258,8.54281872397561,57,37.36507508544167,CRITICAL
-0.770658104924169,-0.46581178689471536,-1.7114541603332103,3,4.674577777370659,27.15128379982823,285,26.67276356469026,CRITICAL
3.0700676006808076,3.554498412363057,2.885530519585507,15,4.524198041803069,17.669792295152842,123,11.023379611094715,CRITICAL
-0.8396876337633272,2.0813475387259817,-1.1829268751922952,17,2.0306189939786927,24.892422145151908,254,2.3386451421587506,CRITICAL
0.5561230123005894,3.180322771274548,-0.5225967860710443,28,1.0174345919217338,15.459009374055997,193,14.084251674201857,CRITICAL
0.03082763681895795,1.3797574434634432,-1.4467432996063505,15,4.035234586616508,17.658347758188476,249,14.027813947256305,CRITICAL
5.391606260095221,5.574873095069346,3.6697981851113504,15,1.561774630482542,12.152540650578743,105,23.601010575324594,CRITICAL
-1.9072290346732899,-0.7788785411985237,-2.194487988786304,21,4.28306297040903,5.413469200709805,208,13.2789060230466,CRITICAL
-1.044697102031598,0.9915442700496824,-2.363807396702068,0,3.9977895953337073,16.172235754625504,259,51.37058762497462,WARNING
2.120484960000601,2.5715065135577357,1.9747606109364082,20,3.9654059314489514,5.226441861559436,101,45.27392545103036,CRITICAL
0.38758265833183536,2.170096156583524,0.3087130240980267,18,2.904167767439551,20.455859959539207,150,14.299610750633253,CRITICAL
1.653767595076157,3.293945937271258,1.6214350264144837,5,1.0709333644419499,27.557580255967704,199,42.983850988292026,CRITICAL
3.708399918906384,4.397797119751124,2.024872143167514,13,4.8875420073892935,17.94668660687306,158,0.0,CRITICAL
7.4124558421074465,8.425618719804248,5.941606423322322,16,2.9909339050413823,1.9805180238047437,73,22.835659336058747,CRITICAL
0.7111819517343863,2.084838305739201,-0.9093368332531584,29,0.6610976541695119,19.64498619170611,76,23.56937869814406,CRITICAL
-0.9257462217533179,0.2792137693943306,-1.706738587793092,6,2.926715455658606,29.16328750328572,125,35.26217892273548,CRITICAL
1.6934972309473046,4.034241012826667,-0.23355004575855953,2,3.7373392643420797,19.910765954857478,266,16.948982567372315,CRITICAL
1.1931838464351525,1.6429350862346466,-0.05409865226118726,29,2.4640905840406173,14.916782390744924,108,38.37045005217851,CRITICAL
-1.22307489871459,-0.6346141442476283,-3.211458709678287,1,4.057376052401032,15.96422001382422,298,35.00654625882161,CRITICAL
1.8612967514799763,4.238512455149501,1.1239349172538446,22,1.711972467404545,0.8969326310388981,214,12.555671482866483,CRITICAL
0.34092658970978196,1.3365573834067013,-0.5723443094845999,1,0.6378536300998225,3.7447643655358966,173,93.99766754670219,SAFE
-0.9445567528137981,1.612888044073152,-1.4812016325603206,5,4.704038872242957,11.795200883005366,231,51.96107247027413,WARNING
0.1181195747763697,1.000611204772272,-1.1584828610303932,20,4.7823793448428855,20.505767658211983,167,12.895350932433109,CRITICAL
7.703026123142533,9.34157238792079,5.899990343490963,18,4.705413423210097,10.20558209826821,114,0.0,CRITICAL
2.106815547370738,2.666620922701788,0.5838191316083148,23,4.952215136548318,14.499085212774256,205,0.0,CRITICAL
7.730323686790624,8.395280067254781,6.341128330685796,10,2.8838341365435647,23.450477351197037,219,0.0,CRITICAL
3.1627012040359945,3.4813330741850743,1.741470628724523,11,2.1461189807613694,28.548850635995155,280,20.18934989443789,CRITICAL
3.7375538670843422,5.413608575543787,3.706289046242138,10,3.9019455551725453,23.19009721579471,177,5.248619903751241,CRITICAL
6.140638754635315,6.5005720909621685,4.789785327972227,16,4.209478591355239,2.235289274078298,87,14.138803964943985,CRITICAL
3.9957390845396583,6.494812672747457,3.328508812515132,7,1.711102020520953,1.130716298373824,216,17.101858660171235,CRITICAL
-0.15451712512043514,1.206513068465973,-0.8080527866330385,10,1.410337351132184,6.497876136511371,118,78.66110120858099,WARNING
3.3165933138639145,4.744160208630044,1.6248424901482468,16,0.9382005078469939,23.964112049248087,259,0.0,CRITICAL
-1.725246980068531,-0.9279837090184371,-3.4184571370708383,22,4.389164737574042,24.071475887843526,175,0.0,CRITICAL
4.769297539343117,6.139196463193155,3.537860012264546,30,4.989170719303649,20.88236613386902,298,0.0,CRITICAL
-1.6391460327026954,-1.2442428402325145,-2.5951736746953618,8,2.124439661085542,7.050298119642329,293,60.2678309051547,WARNING
3.1387203678631455,3.6270889362131906,2.8650208319095345,10,3.0083296458493205,27.386785628510655,249,11.160831053433505,CRITICAL
3.733276366790615,5.483977738514909,2.9022510227720426,24,2.524008519389607,13.26604469408201,182,0.0,CRITICAL
-1.1706856268922154,0.35993946319913195,-3.1369934866229636,28,3.511916415827437,16.240483812728314,203,9.328878014409632,CRITICAL
0.531787736618611,3.1321687976955936,-1.0434278371791534,26,3.261415193201205,5.333253331936411,95,30.04541714176574,CRITICAL
3.414889373347829,5.494430082637155,1.4441171914152788,0,1.1125637307508685,25.530394168106664,50,25.428749334509902,CRITICAL
2.8097289490777824,3.4984491139653446,1.5150488472300188,7,0.8273667604705387,7.092637523515797,89,72.99312102243145,WARNING
3.0278485314539294,4.047637843053568,2.9602699248217728,6,3.3503803226986757,12.770484959083657,123,18.819949381080967,CRITICAL
-0.2965431226821649,1.2628839119818076,-1.5303602587175409,12,3.1389507710175972,29.853012647495603,281,18.4407237991381,CRITICAL
3.7785716585967855,6.588531030478394,2.9324269905987643,28,3.3679482270011634,13.231914800262622,179,0.0,CRITICAL
4.831470535917701,6.377412596227125,3.353973618317005,5,4.636584964839775,8.63739793207142,65,25.25827662784149,CRITICAL
5.716823585619373,8.165891664894144,4.242731234216647,6,4.26352397935927,3.7888625711607373,103,28.786640229908155,CRITICAL
1.8708873394318348,3.743090915086254,1.7529183573141176,23,0.5365168302109062,2.6955294280329167,155,39.15368000137734,CRITICAL
5.763729969530779,6.7987512677059065,4.6987037434116905,24,2.6224733465769443,15.560439014323059,74,0.0,CRITICAL
4.7504385292559705,6.143222818992618,4.229757196506446,11,3.029185860043804,7.968909476064148,99,20.789096039142827,CRITICAL
3.176426406408197,4.152729122747854,1.9392033759269471,16,4.175006009562546,25.646375045877146,262,0.0,CRITICAL
3.511249728221281,3.670539115448296,1.7731890127001166,22,2.4779143357394453,3.6278930258945294,270,26.755489935228372,CRITICAL
5.214491545677619,7.366074607677524,4.779951692256841,18,3.449282386314086,28.998606693628826,44,0.0,CRITICAL
-0.964736827230827,0.735887018293697,-2.1943552307564547,23,2.3537312408314213,5.13577735915973,81,52.32805128597469,WARNING
2.79641777248478,4.551947982518499,1.5157027494559512,7,2.989113788887599,4.31618867139251,115,58.251025129356954,WARNING
0.18215377788857712,2.5502088513049253,-1.529244181321724,17,1.4143392811783895,16.6783241047776,187,27.66778263582851,CRITICAL
-1.2670607050164098,0.12202163149389667,-2.7543807240604865,15,1.4848970974015263,24.247254966143174,178,22.47135303481656,CRITICAL
-1.8826381308863886,0.7136613889630958,-3.037855984235291,30,3.987189309608401,18.33638520139997,89,23.80460467139422,CRITICAL
0.6809603394690491,3.262803050640537,-0.19663165795603144,5,3.06969444293147,13.204251021865561,112,52.554375226133295,WARNING
-0.521063894031025,0.8844691461291905,-1.5750640319362572,15,3.734440784948385,6.42711583308745,197,43.38275366869409,CRITICAL
3.7074158143242704,5.264250554732643,3.44607915767576,0,4.155443448860145,22.582469427306627,80,11.347162931653383,CRITICAL
0.18584363447718388,2.3641715867200834,0.07726239626728848,6,1.2796984811831782,26.501144404217364,165,32.60996763067022,CRITICAL
0.9336725744566303,2.9917162157144843,0.0024685457515103426,16,2.7766192770473928,17.067639255159335,208,21.8359729804535,CRITICAL
2.1599176558843753,4.795463528904806,0.8252218470813155,11,1.3309529205082453,19.122813985121898,231,19.24302578426011,CRITICAL
2.792152323030879,5.1631604956072845,1.1649311295895972,1,1.4089783733935397,8.343905652610177,184,47.36287339944725,CRITICAL
5.863329569070995,8.246075615268088,5.221861295826482,14,0.7988379602208253,25.05552244301704,113,0.0,CRITICAL
3.232039692757626,6.017651729066104,3.044901209488999,24,1.1714691884301787,17.31565322745146,208,0.0,CRITICAL
4.385920928931039,6.9894917940612125,3.3631589702000544,1,3.254360800270894,5.889978538078317,32,32.76549175497773,CRITICAL
6.433867640550619,7.933463366673979,5.216473229472306,3,1.1533282271786613,1.4524938836598422,107,52.3175542914709,WARNING
7.3336544441724545,10.105616983288048,5.413426447758378,13,2.5994876651985144,19.805484370805704,57,0.0,CRITICAL
2.628261435599077,2.9760631234515844,1.8630973225141605,3,1.0827611692978718,5.4212093446816025,91,81.1750796229892,SAFE
4.714694673631998,6.942433678248377,3.656384242986771,14,4.695810851596536,5.938539935383865,139,0.0,CRITICAL
1.431303062697257,2.443242615311392,0.35900614505893924,21,1.304769605763589,19.518795730964655,184,17.766487562730365,CRITICAL
-1.3782225929365262,-0.5320876357987366,-1.5791399425447754,9,0.6021924581696574,16.75159819790163,232,46.25348393058899,CRITICAL
-1.156332704934672,-1.1301062311167824,-2.486179673088376,4,1.1755763529498475,8.601388866210787,95,85.1711489886039,SAFE
7.234365462017327,10.218066727643198,6.5344148009306755,12,4.278407279844509,1.9805272244955463,30,28.053621570073126,CRITICAL
-0.7122910000827911,1.0763172457349024,-0.9686976616412237,22,3.125564934570426,24.704809341673972,79,9.28863239056509,CRITICAL
3.9537821793504846,6.759288729700138,2.8543922339829257,17,2.1501077394422836,9.208354747870294,96,12.120126101847148,CRITICAL
-1.837747085421208,0.8265598102217895,-3.3947892096355377,0,1.1338062245804816,14.455573692214168,57,74.22459789537734,WARNING
4.154033972230867,5.638605241637188,4.033416043631274,19,3.287411490655195,13.293437298873284,73,11.312218906447207,CRITICAL
4.141006243600979,4.52045457236447,3.5782086743998796,20,4.753185972981453,3.211190330026369,193,17.61061854309696,CRITICAL
3.184331036743452,5.237677118530831,1.9002490709456483,7,3.6554045207537165,25.993629608777717,46,9.496974398094995,CRITICAL
-1.2518319032999816,1.4721096218857879,-2.0629119113983014,15,3.0399272785628546,23.052374714576903,261,5.685660989820146,CRITICAL
3.3582551980095907,3.552902354551117,2.472630661284861,21,4.0027114711044565,10.440963813357753,175,14.251701075099804,CRITICAL
5.397857488750619,5.717132565516763,3.724317078200862,8,2.577856443478405,0.081960732615044,52,60.54941401328135,WARNING
2.6149412446547853,4.157490313641487,2.5374804608271906,0,4.127435360860865,22.10049184989853,241,0.0,CRITICAL
-1.3977368571165605,0.8925958761988837,-1.5776982328445746,5,2.4071237506215244,1.2787032599089965,36,100.0,SAFE
2.874017002884882,4.217300628742462,2.5777527181437874,0,4.4079466740717494,3.245448538854977,205,37.04303771710414,CRITICAL
3.2122531238416894,4.571142512171965,2.719247117155552,14,3.706795629347492,9.964178743893108,54,30.129971539246228,CRITICAL
-0.27364818627590903,2.588014364193157,-1.257714438689846,6,4.104619903883167,5.24941879083347,130,40.24790145586652,CRITICAL
5.658458458610048,7.242825436041661,4.947791422928743,13,3.6653349208286556,17.884808611965326,284,0.0,CRITICAL
3.994823984792781,6.0079762966167465,2.2504877853749985,6,3.2313321107000803,4.697534104269467,255,16.219692517386463,CRITICAL
3.0299842702213615,4.34041082929394,2.732157159350681,11,3.133162344160195,15.738477462652584,100,28.994772542547405,CRITICAL
7.8991140822322805,9.108067099559559,7.047986992669758,9,4.8428642711527115,18.805129361744417,42,2.5509604862191706,CRITICAL
5.942571434589239,7.942181019711079,5.693924595418643,8,0.6680783151717136,22.47068002561551,164,0.0,CRITICAL
1.2632679239633386,1.467102036411154,-0.1665376016214899,24,3.649702484612475,21.22522241571722,168,2.741688534842945,CRITICAL
-0.10971814769697885,2.013468576171096,-0.7430499648539148,5,0.6903361652035086,18.31675207812694,286,40.37897808908164,CRITICAL
1.5378743841184161,3.33167439141056,0.5440627331081858,29,2.277500946260738,18.183273269799628,282,6.388815956091935,CRITICAL
5.95158577855741,8.007052917450075,4.3242551711643795,12,3.2134414129289914,22.49720274491966,82,0.0,CRITICAL
4.081417928820677,4.941383021193863,3.9832095835710635,15,3.06958055271047,7.44725418835108,119,29.621951052719318,CRITICAL
6.444420917594465,7.990585258933893,5.26247078660847,9,3.1228877235806087,27.35908898277695,258,0.0,CRITICAL
-1.598026422642758,-0.8056852686081126,-3.364876408820247,27,4.946203166998139,19.809668840371053,43,17.14342247450862,CRITICAL
-1.6941152282548888,1.018114154898214,-3.3826169911744364,3,0.9006026822949842,1.6476740332754192,111,100.0,SAFE
1.955583096776727,3.9369034845224515,1.4366001335860814,27,4.688999772509289,28.09538205245457,72,0.0,CRITICAL
2.1060769573666303,3.8207643534970854,0.9151290744691227,28,4.968730866984854,17.54138844801044,105,13.974468343850724,CRITICAL
-1.498995230674239,-1.4317557435561872,-3.171555796406685,16,3.316823036554555,28.937465762294824,290,2.3053578596799706,CRITICAL
5.733090815248927,6.9300957867716955,5.213019363821674,17,1.122082898193772,22.734980088526655,261,0.0,CRITICAL
3.3006481240414463,5.512984833997577,2.8343724831501387,14,4.876336200392364,11.213978477791212,35,20.390997541887685,CRITICAL
5.7004748972811665,6.9568376366573155,5.06007860815198,21,0.9216368140999067,25.277778620979923,126,0.0,CRITICAL
-1.4892317965825352,-1.2147206731799052,-2.7851357872682327,2,4.703669016884561,15.326948514056939,285,41.7434046281235,CRITICAL
1.5425796480662872,3.342284780992073,0.695630613737694,28,2.7710901810002815,13.900771899418258,230,5.785959954803448,CRITICAL
3.9942888470117515,5.425695993121021,2.7235116952777365,8,0.6941061217322018,10.639237365723535,90,47.58651442115914,CRITICAL
2.742825124640926,4.013393505425013,2.0336050367081357,1,2.7245996449004215,16.555440196915,157,31.77029285486838,CRITICAL
-0.2952952083561222,1.7774961270748733,-1.4116704493992531,10,3.7528938889372405,10.621277490334705,265,52.81033749862493,WARNING
3.1539599212174814,5.077490635390161,2.7905094194648385,20,0.7032541072476921,18.142404316267466,245,2.0201103120784456,CRITICAL
-0.301760084848705,0.8494319442727782,-0.7990699293478598,8,4.710004275687916,12.879247298602989,166,39.5305976652876,CRITICAL
3.058076238369541,4.740575669547915,2.8536568879550384,4,1.2191325904095043,28.0025279571648,154,23.255198048823786,CRITICAL
0.43978574612217614,0.8149588380182771,-0.565279947847271,18,4.820693381518488,23.359958281070572,166,10.346220761547277,CRITICAL
1.196220652611009,3.0384613819672963,-0.5644478998459097,4,4.9325559635713105,11.85565564323744,107,69.90595199074768,WARNING
2.517371663177429,4.244622404632757,1.6675427937444014,19,4.248592792342192,2.675455503143299,67,27.14451797296932,CRITICAL
2.9781775227016,5.248243329378517,1.5286358161353086,11,3.475315108148081,29.614073395659787,113,16.985789866801234,CRITICAL
3.2387967797177017,3.562678172628381,2.812109189310712,23,2.3343462461605005,0.01273252257608215,125,44.81012621884237,CRITICAL
-1.7372548318646563,-0.06837350842927004,-1.926045948945826,10,4.008914844954495,21.009952207341236,114,33.60316186446168,CRITICAL
3.736889568496495,5.223665454271686,3.2125240968269204,19,0.9381265188018213,9.53651025525162,46,38.73041906902556,CRITICAL
2.1820873002328947,4.545181203160964,1.3493055621592962,27,0.7843081698954697,22.668165059462687,277,0.0,CRITICAL
5.578936074926602,7.679519894793346,4.389841687361941,18,3.8885367248937133,18.914607623628726,31,0.0,CRITICAL
0.7703503742811648,1.0610447065119695,0.6111114629675869,8,2.36164763440469,25.43372712923804,83,52.87276865739183,WARNING
3.0384077873728286,5.795757957862668,1.7852275908412385,30,1.6926190440104718,12.665553156242108,157,0.0,CRITICAL
1.4906175313514871,3.139273879647294,0.8673859574969545,16,2.215230875108363,9.370509241973414,76,53.273266206702964,WARNING
1.5301131424852699,3.9408510144578885,1.4315120827110204,3,3.2616369732205164,21.671447664299933,122,27.585880789519734,CRITICAL
2.1247157654633817,3.208663980852555,0.7307339819429763,12,4.501192194420472,1.3346529792087602,88,60.70383656579858,WARNING
-1.5283620466672414,-1.3427606879465244,-3.1934100885474694,17,3.8871784953088744,16.657181562670445,232,19.07141536632544,CRITICAL
-0.11367194733532404,2.014397929863428,-0.3651980214469095,16,3.106709835451648,9.829615288761637,58,45.789829275422406,CRITICAL
6.2803199682879205,7.997519516647123,4.666332848257298,9,2.8865878386105326,17.410916816491877,121,0.469583071270387,CRITICAL
3.5230506826789156,5.570275924008822,2.975107287518522,28,3.832520308919543,16.702571201337232,252,0.0,CRITICAL
0.4627618066967578,1.7701737738132954,0.1391032507367722,26,4.057263375753671,9.322262476700754,246,18.65178379149642,CRITICAL
0.940175820422156,2.5527296901865943,0.8818074121711961,14,4.021325765464164,9.25564209401728,193,34.647578389997236,CRITICAL
-0.8462748923334706,0.9795572666394035,-1.6965778140288197,7,4.356667969525139,11.08588999318075,237,48.75885645905587,CRITICAL
2.699674641973054,3.252650716126791,1.862206698297129,22,1.8013569879819884,3.2519608132147146,201,31.036504626888046,CRITICAL
0.08214088807562447,0.10960918260954489,-1.7816899417126364,13,1.2211886335170992,5.6021415706904865,119,61.52155826196911,WARNING
-0.9137362854207025,0.44204275357886935,-2.842404231302698,15,3.622773334047933,14.218452865768132,235,18.343365592048237,CRITICAL
3.1387444922199954,3.3759397271939666,2.5768832795321908,3,0.9153507066986832,27.321567752751456,287,33.15285510991106,CRITICAL
-0.4927937298979359,1.4254598942785568,-2.479540742333858,0,3.922218241318819,29.38286562342579,37,48.08347851593683,CRITICAL
1.5328595571042762,2.976460629929031,0.5437911235865078,17,1.0753346784522912,26.238564196035,118,25.778395726943344,CRITICAL
3.29487129785576,6.087046921308278,1.500340548331823,29,4.108613038282,13.383461043591053,239,0.0,CRITICAL
3.116450764124539,4.391415284671475,2.821901273159428,3,4.637847876107749,1.6041364976519945,300,32.51228520488795,CRITICAL
2.4124945741767654,3.438945548551237,1.55232714017402,22,3.149339908977844,11.57608349615299,54,31.612042721666963,CRITICAL
0.10212646307213191,0.6085373457350193,-1.8646756759825105,30,2.813252462347805,9.292888446431613,93,51.717491265944545,WARNING
4.621494400450958,5.3811477905462475,3.0276625818640506,30,1.707596381844363,0.9430659582809997,249,7.544646807424953,CRITICAL
1.9169275179845346,3.3185996876670494,0.4373924874758677,27,1.3856419757365785,26.401634233453226,87,6.399437035952831,CRITICAL
-0.8387054583059033,2.11547099998095,-1.4096373812445917,17,3.2664947766369203,22.094369470545395,281,0.0,CRITICAL
1.7247401952791135,1.9793405588931536,0.8479634716980025,24,2.291647921790985,6.188398057869717,180,41.450649026149186,CRITICAL
3.8486051868910005,4.423489658209346,2.183397122050433,17,2.207781378797244,5.091478635291996,67,38.97739250024652,CRITICAL
5.714509929000519,8.118098287614252,5.579966828900649,25,2.2416119227589877,7.408139219887905,51,0.0,CRITICAL
4.933065004977612,7.916054877809303,2.975343291352056,10,3.7363397363866415,15.091239548417219,104,4.667653309116434,CRITICAL
3.3627653969572746,4.051320567875454,2.751598025508172,1,4.36027313130905,25.896684162319747,83,15.147022163057592,CRITICAL
2.290932306911958,3.713444216184252,1.7177208379443327,28,0.8013239152097755,12.749539541901731,118,22.78854141042401,CRITICAL
-0.47364019229457877,0.6047531909174977,-0.9974153291751178,1,4.2163333102525495,6.307980452354825,215,56.88434027626793,WARNING
0.8506686211869443,2.2016779834802054,-0.7178878150011434,3,0.5700631766620383,20.587212290818456,194,37.40923565951358,CRITICAL
5.282466626180149,6.789484302246585,3.9603256753892557,27,2.9249000348823895,11.579897136369,247,0.0,CRITICAL
1.1661627373617494,3.8205603938335857,-0.36250561694983463,19,0.7741438998083596,29.796230119157688,191,14.812408579794702,CRITICAL
2.218465423562149,2.5324278072997317,0.5389740757513124,21,1.1188863116656913,11.30526495707434,48,43.10223825943036,CRITICAL
3.1710873423024735,4.792428416136602,1.2440735370719378,22,1.6368495359095405,8.033988505348823,134,13.316415515299667,CRITICAL
1.8921848934762542,2.380387000163609,1.421253240717728,18,4.065569512280934,4.528436282825301,87,54.8533051197284,WARNING
1.9571858741211425,3.1328773875391898,0.32336308795214475,30,4.467035867643473,6.302707713113448,118,25.170811032275413,CRITICAL
5.890370322653869,8.662739429038037,5.554803829594089,3,0.7015194533241127,3.5091892663172253,124,37.30019444046387,CRITICAL
6.458324839250055,7.616144292012118,5.590383796776107,3,0.7038932449756814,0.8940145763583118,276,32.14865955607845,CRITICAL
-1.2697837496755684,1.1837058436396688,-1.6484854122856125,12,4.085868134485424,8.662916659201343,150,58.97741068549696,WARNING
-0.2638220222939771,0.4680838547259336,-2.1506327137259222,18,2.79650637803992,1.4209404109795654,277,52.76363584556729,WARNING
2.698230255443236,4.349224645130294,2.421724856767624,10,1.8919850873873094,25.990637089857906,191,13.320575257858723,CRITICAL
3.9927787159880714,6.312062767523763,3.958975320701213,26,3.8821857185605886,27.479978840584923,31,0.0,CRITICAL
2.8934821313149195,5.750972761960846,1.716829545164908,14,4.253410140688702,9.94222328503694,53,19.359116586510154,CRITICAL
3.834664653102463,5.100910054052907,3.6506095918541344,0,4.572441923714218,11.789621319504054,219,22.990908165835123,CRITICAL
7.203617307983678,10.18296992992486,6.754026401679832,9,0.5071354071418406,13.41062833554756,195,1.0057158320265467,CRITICAL
1.6847110011254953,3.459154857056313,0.1398591523650432,15,0.688809494320805,18.455265912796047,218,22.7300557912661,CRITICAL
2.561252721904844,4.205957008710431,1.9728505317863958,4,2.2006429091418624,21.76846807467968,237,6.593056126565804,CRITICAL
1.6415994819602369,3.2254629318186603,0.5617282531245196,17,2.999393555076238,26.93118288411477,90,24.724784234847025,CRITICAL
3.970039040541419,5.425924252253301,2.74130858441795,11,0.6378569392076199,24.085522500729983,249,0.0,CRITICAL
5.272353429227776,6.403517123714698,3.885926509608013,7,1.0692688904721008,28.298040498862147,97,0.0,CRITICAL
2.209253181397937,3.572909564761917,0.2824686566135548,16,3.0979050250038886,24.93111041322688,125,5.801404238841871,CRITICAL
7.273902885833545,9.557060173601254,5.313105085749753,18,2.158446980307694,4.176006303894186,67,27.83965084411096,CRITICAL
0.16724148402874484,3.081787756723889,-0.06831561705063915,15,2.556131685588829,21.181990226405635,100,24.882777504384357,CRITICAL
3.3731414339159422,4.9985734336210985,1.7786721275246782,20,2.981416170678589,8.409926464833777,236,19.39965383244833,CRITICAL
3.7045663745387842,6.533641766372147,3.0360315217922564,18,0.8350166046750244,1.6018370861923892,165,17.210060934082513,CRITICAL
0.1986480921388134,0.5143554662788559,-0.9084561250717691,21,1.8214181451336877,14.583196975314385,53,33.18960446380955,CRITICAL
7.224609195365677,7.6492170115476465,5.535481021930294,11,2.73625233201139,0.001826072552788549,39,44.38096938537935,CRITICAL
-1.7013137610240585,-1.042641884414567,-3.109567265337236,10,2.3450393545477866,28.519174319395674,265,26.71677069449962,CRITICAL
2.9636848331695385,5.557235026553888,0.9799258892299523,16,1.2332975017871013,16.799700247725816,197,13.874241614425145,CRITICAL
3.312872892061507,3.488105185271523,2.341923264301892,20,4.753939405872397,24.5048125498094,123,0.0,CRITICAL
-0.4290946103449129,-0.15882621920697682,-2.416466210312471,2,2.2526873330562474,28.018811689819007,221,35.06246995042788,CRITICAL
-1.6045334908850142,1.224379942125674,-2.887494333405235,24,4.769561166059288,2.7440046778698224,220,29.74724568434251,CRITICAL
1.6625104626119245,4.320236202253315,1.44409585823038,26,3.456217656938593,9.4495010791562,248,0.0,CRITICAL
3.280671643180531,3.9629099451208885,1.646790717075231,25,2.48265011414573,24.62446523521361,99,6.996095705319206,CRITICAL
5.150939836861507,6.092670142722863,5.121528163247072,30,2.6774010595225954,27.181528665273127,74,0.0,CRITICAL
1.4440149717870767,3.5781444884310063,0.045761288144993806,7,4.148276753026014,4.225477381970455,297,44.683252156764595,CRITICAL
1.558588470011931,4.154202006044889,0.7343384373394397,4,3.1783007097013947,8.370856260482196,271,34.65991107490414,CRITICAL
0.4805176184922022,3.3585261172891396,-1.1055454494350145,16,4.665629592803329,29.322126315713284,133,3.0477348201613594,CRITICAL
7.50848265627445,9.684541234172135,7.367036184530841,8,1.995305644007904,4.6118720662135635,236,17.217790386423644,CRITICAL
-0.9009446918046149,-0.010634936002406614,-2.842585096888042,25,4.0580054355984485,10.798291512843308,161,25.24017913370884,CRITICAL
7.356785562574723,7.810937358841388,6.296906199090408,12,4.379198910508589,29.370407882110033,252,0.0,CRITICAL
5.73976844620069,8.708947757247017,3.7468567013174674,28,1.848090754369424,16.258260571221967,129,0.0,CRITICAL
3.8060380299483274,4.48959254629266,1.9637633494918492,25,4.584892033322147,29.071415629195343,182,0.0,CRITICAL
4.669962482641375,6.006510717528149,3.7812954814086916,8,3.6710956560488364,11.804206377291548,259,3.1987462889822975,CRITICAL
0.11463530719555681,1.3058329892064404,-0.29734465963223866,5,3.7813394010881614,0.291995017394413,47,92.40842152661959,SAFE
-0.00016101141363367155,0.32125938342061267,-0.9869300264418728,22,1.8926298677011533,0.8266902713661783,82,63.894832151649226,WARNING
3.5005853050462794,5.837312846154196,1.6177777315504707,3,3.204621586488641,20.60034200975968,102,20.285339609193898,CRITICAL
-0.23040836881877835,1.8155231207024514,-0.3383751895168252,22,1.2971641924743007,19.015377094699367,237,17.170867593659647,CRITICAL
7.087863188978922,9.884365785149733,5.690597994019031,2,3.571645686753609,29.946326762583112,72,3.668614010157672,CRITICAL
-0.9065546942768674,1.4482460246092304,-2.706750307272049,11,4.4236532287963115,1.7856310331618042,110,78.59931591284877,WARNING
2.5572793250883823,2.7096010380354207,1.9182642448898293,10,1.4656945160232964,21.584227665625825,123,34.06505598712771,CRITICAL
0.08214713483806246,2.141303284904772,-1.0942539626329015,14,3.3517243192172455,18.529056237589778,46,31.380616864749754,CRITICAL
-1.7370446791114675,-1.4373654944440375,-2.622929168292874,6,4.300361641355664,13.910867704814773,55,54.307503279586555,WARNING
2.2497819398267653,3.3482543706202588,2.1936812745934025,7,3.4989217995068613,24.877007618344468,54,27.0972274677878,CRITICAL
0.35602250491882614,2.222144599078365,-1.5836469447691084,24,3.7461547259608032,6.097903107858308,90,27.030041953730148,CRITICAL
0.08925884035482223,2.724119472502752,-0.7675576458489544,16,3.25208598110291,29.169118201803506,175,2.6440946513420815,CRITICAL
1.2565664038013766,3.9861382475550253,-0.6542571085945623,20,2.015648316310723,18.461208704843994,119,44.59844354878689,CRITICAL
0.15504503307230033,0.8859379798513405,-0.5925546086981919,18,2.032104247505111,1.3711381766228325,228,50.706616791580444,WARNING
-1.6440507289369224,0.06413272222171007,-2.79926879391636,20,0.586497130170655,17.13578881959762,60,45.73687743743772,CRITICAL
0.3211443297771579,1.1094481306898545,-1.235443495870611,28,1.5873616001197814,14.369459487711007,166,26.94388193489746,CRITICAL
-1.2481616713111208,-0.5947497912751462,-1.635852507059376,27,1.800392138811986,17.431594960143254,221,18.618880229072893,CRITICAL
-1.8769328294942194,-0.5015040178030334,-3.3944583958346994,27,1.2072899118347782,9.842751996528342,141,36.60680112487697,CRITICAL
5.46615134971278,8.422255957134304,4.839944143238477,4,4.544797761442016,5.509346787453233,84,24.593785072657383,CRITICAL
-0.47137299848629954,1.4118360181371266,-1.794355919893298,18,3.661054026379754,4.483548898734554,143,55.077152694093435,WARNING
6.686143859753568,6.78198874481937,6.606476222358439,28,4.515561583622521,25.167907851211776,53,0.0,CRITICAL
-1.9662884039935447,-0.34324681393356715,-3.793337397312885,16,1.6397458880647324,0.4183347861767117,89,70.88386247933106,WARNING
3.680405408749964,6.462960579252371,3.11722563422145,21,2.0053028040349106,29.25828581829286,263,0.0,CRITICAL
3.258743867100291,5.6286070490047315,2.1726831128734334,10,4.357444394716407,25.821112584933946,74,1.7099192435606625,CRITICAL
2.4216798809288447,3.3567344923618534,1.6311972101682994,7,4.789630653666252,7.208081652018485,121,47.97339506510432,CRITICAL
4.850219978158291,6.4122022340314935,4.694744611210722,14,4.9248651384201105,26.69784397438111,94,0.0,CRITICAL
4.721261249551688,5.207569173620774,3.2938727341994634,17,0.5275364020034403,5.671353809114338,116,30.989746574091534,CRITICAL
2.771570158362138,3.284320524711474,2.066426871971471,29,2.859948165979561,3.7347881918223114,280,32.227893993577055,CRITICAL
2.1183727249223914,3.419577274587008,0.5727676151106003,16,2.4643871259053194,16.06591642754414,200,30.502380769744597,CRITICAL
-1.5106818051488689,-0.571839749150684,-3.0099311213606583,22,4.877654270209397,5.024381809825682,78,33.8171974983821,CRITICAL
1.1005841811503645,3.351821551054628,-0.44566902825680654,29,1.5634993102727526,16.049340016898782,140,10.671687390468186,CRITICAL
3.8745366949783726,4.338256312744223,2.057306953436563,15,4.54646608811395,24.111174682318683,171,0.0,CRITICAL
3.2924073924567576,5.264476985885753,1.301549530313336,4,1.2565461117827976,22.619782643788767,113,25.01219153806376,CRITICAL
4.4727277136092845,4.85511019497431,2.6194852441989447,7,1.1087162605016236,28.365431239192276,60,17.51962021653954,CRITICAL
-0.33545415347466134,0.5008292171133211,-0.758299185259766,4,4.6604964351048865,25.80762852539881,86,40.66038991670759,CRITICAL
3.8436285087534623,5.57545148974842,2.422548140051601,22,0.5459354671021411,3.7959897672502576,36,26.275806727716006,CRITICAL
1.8042631987269657,2.6352578629438552,0.3754749585344548,4,1.4855788375116052,3.936016365271321,254,69.98027021878774,WARNING
7.3790525981499036,8.11015036430187,5.943347931863744,1,4.543300162969585,22.779121651644132,287,0.0,CRITICAL
4.2673282770765155,4.858452632934018,2.9029644132453356,26,0.7584850642826744,21.45741972171825,148,0.0,CRITICAL
0.639822175663026,1.8334731567709768,-0.5293022204220246,19,2.917710825868713,3.960575036981359,66,76.83786995879693,WARNING
1.9105676782980168,2.1795442120621087,0.5452952176665808,26,3.5860447503794797,22.268890606022072,270,0.0,CRITICAL
7.724451272156885,9.470572173914531,5.812877973421178,6,1.036992358032657,23.55474584456644,164,0.0,CRITICAL
3.792165401959749,4.619882499068131,2.5519879138249566,12,1.229910617163486,17.02467264558968,133,29.388859802373904,CRITICAL
3.2793854239170432,4.496973838701862,1.509789229164374,26,2.379578212547717,29.091373959350104,231,0.0,CRITICAL
2.518857533202153,3.6683516723191825,1.1180051153456803,29,1.1883724844344479,17.109838242563228,231,3.620507967596538,CRITICAL
-1.6373326493860774,0.6990761168925557,-3.203777795212651,9,3.452121888568996,13.229258127207826,250,35.91516245750312,CRITICAL
-0.8219169519160181,1.4887137612316035,-2.2564764197192537,18,2.3757451850701465,0.25608419678379346,222,51.67274828654642,WARNING
-0.8613635541733016,0.294657470143761,-1.7290433122759599,26,1.0286201491808025,8.865531377939313,105,47.55726421001867,CRITICAL
2.714982781303033,5.473888240395933,1.2372948212814976,30,3.4454571194695207,20.86279019427927,166,0.0,CRITICAL
-1.391528829372922,0.14818551379265932,-3.164097516498363,1,2.9021042422002914,14.789769340115084,80,77.39905294945648,WARNING
4.2005104021860245,5.133915113986239,2.5591891795347843,2,3.4610675104225654,17.126808840639505,224,14.636697159752483,CRITICAL
-0.7939208197725289,-0.07565499827028543,-1.061876625434288,30,4.830825533359927,8.452004256971485,265,19.741083156913216,CRITICAL
-0.8800460447834395,-0.7072364730552435,-1.9433035488271708,7,1.604851589898312,28.477055848160433,47,53.08916812312039,WARNING
7.172269156792922,9.717287621159889,6.114265157507399,12,0.6259523904500841,29.40413535805821,166,0.0,CRITICAL
0.8014268925053778,3.549839703289113,-0.32600407809098786,8,2.7472076973968242,23.881981027170582,235,20.86826516033011,CRITICAL
3.3694869452961687,4.174240436319628,1.8253095778661164,28,4.622839758997971,10.065106663180016,132,0.0,CRITICAL
-0.5604250086879972,0.85613940352873,-2.2749177062674777,12,2.239966520595326,21.844003556962438,287,28.823077675869698,CRITICAL
2.841359692674077,5.559194015134606,2.588413374299821,5,2.044658968485729,11.098172669587882,34,60.72686525672975,WARNING
3.551758207623889,6.302953301759951,2.93905921292707,2,4.166446764302307,5.560943207238127,234,5.959445472255004,CRITICAL
-0.061420971757440324,1.6657287691758924,-0.8555707475916288,27,2.5100792930853166,3.385250163104062,152,45.13546239236,CRITICAL
